Marka;Nazwa GPSR;Adres;Email;Telefon;Produkty
"Trefl";"Trefl S.A.";"ul. Ks. Jerzego Popiełuszki 17, 83-200 Starogard Gdański, Polska";"trefl@trefl.com";"+48 58 560 15 00";559
"Astra";"Astra Spółka Akcyjna";"ul. Zofii Nałkowskiej 73, 42-600 Tarnowskie Góry, Polska";"biuro@astra-artykuly.pl";"+48 32 381 93 00";529
"Interdruk";"Inter Druk Spółka Jawna";"ul. Gen. Wł. Andersa 17C, 15-113 Białystok, Polska";"biuro@interdruk.com.pl";"+48 85 676 99 40";368
"bez marki";"bez marki";"";"";"";325
"Madej";"Przedsiębiorstwo Produkcyjno-Handlowe Madej Sp. j.";"ul. Urzędnicza 37, 93-023 Łódź, Polska";"biuro@madej.pl";"+48 42 681 42 64";299
"Koh-I-Noor";"KOH-I-NOOR HARDTMUTH a.s.";"F. A. Gerstnera 21/3, 370 01 České Budějovice, Česká republika";"info@koh-i-noor.cz";"+420 389 000 111";281
"Galeria Papieru";"ARGO Spółka Akcyjna";"ul. Krynicka 1, 80-393 Gdańsk, Polska";"info@galeriapapieru.pl";"+48 58 554 35 16";267
"GDD";"Grupa Dystrybucyjna Daccar Sp. z o.o.";"ul. Hetmańska 38, 85-039 Bydgoszcz, Polska";"biuro@gfrupa-daccar.pl";"+48 52 346 32 00";246
"HAMELIN POLSKA SP. Z O.O.";"Hamelin Polska Sp. z o.o.";"ul. Szarych Szeregów 13, 60-462 Poznań, Polska";"biuro@hamelin.pl";"+48 61 867 34 95";237
"Vau-Pe";"VAUPE Sp. z o.o.";"ul. Marszałkowska 3/5, 00-624 Warszawa, Polska";"vaupe@vaupe.pl";"+48 22 628 47 94";231
"Kidea";"Astra Spółka Akcyjna";"ul. Zofii Nałkowskiej 73, 42-600 Tarnowskie Góry, Polska";"biuro@astra-artykuly.pl";"+48 32 381 93 00";223
"Oxford";"Hamelin S.A.S.";"";"contact@hamelin.com";"+33 2 31 66 30 00";222
"Happy Color";"Astra Spółka Akcyjna";"ul. Zofii Nałkowskiej 73, 42-600 Tarnowskie Góry, Polska";"biuro@astra-artykuly.pl";"+48 32 381 93 00";207
"ARGO";"ARGO Spółka Akcyjna";"ul. Krynicka 1, 80-393 Gdańsk, Polska";"argo@argo.pl";"+48 58 554 36 00";205
"POL-MAK SP. Z O.O.";"Pol-Mak Sp. z o.o.";"Ludwin Kolonia 58, 21-075 Ludwin, Polska";"pol-mak@pol-mak.pl";"+48 81 757 00 90";191
"Lisciani";"Lisciani Giochi S.r.l.";"Via Ramo d'Oro, snc - Zona Ind.le, 64014 Martinsicuro (TE), Italia";"info@liscianigiochi.it";"+39 0861 799 711";161
"Askato";"Askato Sp. z o.o. Sp. k.";"ul. Obornicka 2A, 62-002 Złotniki, Polska";"biuro@askato.pl";"+48 61 666 15 56";161
"Simba";"Simba Toys GmbH & Co. KG";"Werkstraße 1, 90765 Fürth, Deutschland";"info@simba-dickie-group.de";"+49 911 9765 01";160
"Stabilo";"STABILO International GmbH";"Schwanweg 1, 90562 Heroldsberg, Deutschland";"info@stabilo.com";"+49 911 9365 0";160
"Tetis";"Czapska Sp. k.";"ul. Sokołowska 38, 05-806 Sokołów, Polska";"biuro@tetis.pl";"+48 22 729 77 77";145
"Dalprint";"Dalprint Sp. z o.o.";"ul. Dworkowa 5, 05-082 Blizne Łaszczyńskiego, Polska";"biuro@dalprint.pl";"+48 22 762 48 00";137
"Parker";"Newell Poland Services Sp. z o.o.";"ul. Inflancka 4C, 00-189 Warszawa, Polska";"info.poland@newellco.com";"+48 22 375 25 00";134
"Starpak";"Starpak Sp. z o.o.";"ul. Łucka 20, 00-845 Warszawa, Polska";"biuro@starpak.com.pl";"+48 22 652 66 33";134
"TOP-2000";"PBS Connect Polska Sp. z o.o.";"ul. Kolejowa 54B, 01-210 Warszawa, Polska";"biuro@pbs-connect.pl";"+48 22 632 33 11";132
"KOH-I-NOOR HARDTMUTH POLSKA SP.ZO.O.";"KOH-I-NOOR HARDTMUTH a.s.";"F. A. Gerstnera 21/3, 370 01 České Budějovice, Česká republika";"info@koh-i-noor.cz";"+420 389 000 111";124
"Midex";"Midex Sp. z o.o.";"ul. Armii Krajowej 35, 97-300 Piotrków Trybunalski, Polska";"biuro@midex.pl";"+48 44 730 60 00";116
"MICHALCZYK I PROKOP SPÓŁKA Z O.O.";"Michalczyk i Prokop Sp. z o.o.";"ul. Szkolna 5, 32-020 Wieliczka, Polska";"handlowy@mfrip.pl";"+48 12 278 19 00";116
"Titanum";"Titanum Sp. z o.o.";"ul. Garbarska 16, 20-340 Lublin, Polska";"biuro@titanum.pl";"+48 81 743 04 00";110
"Clementoni";"Clementoni S.p.A.";"Zona Ind.le Fontenoce, 62019 Recanati (MC), Italia";"info@clementoni.com";"+39 071 75 811";109
"Grand";"Grand Sp. j.";"ul. Elbląska 15/17, 01-747 Warszawa, Polska";"biuro@grand.com.pl";"+48 22 633 31 33";105
"ASTRA SPÓŁKA AKCYJNA";"Astra Spółka Akcyjna";"ul. Zofii Nałkowskiej 73, 42-600 Tarnowskie Góry, Polska";"biuro@astra-artykuly.pl";"+48 32 381 93 00";97
"TREFL SPÓŁKA AKCYJNA";"Trefl S.A.";"ul. Ks. Jerzego Popiełuszki 17, 83-200 Starogard Gdański, Polska";"trefl@trefl.com";"+48 58 560 15 00";92
"BIC";"BIC Polska Sp. z o.o.";"ul. Domaniewska 49, 02-672 Warszawa, Polska";"kontakt@bicworld.com";"+48 22 606 36 00";86
"Bambino";"St. Majewski Sp. z o.o. Sp. k.";"ul. Kredkowa 1, 05-800 Pruszków, Polska";"st-majewski@st-majewski.pl";"+48 22 758 70 41";85
"Dromader";"Dromader Sp. z o.o.";"ul. Targowa 72, 03-734 Warszawa, Polska";"biuro@dromader.pl";"+48 22 619 25 00";85
"Milan";"MILAN Polska Sp. z o.o.";"ul. Działkowa 26, 02-234 Warszawa, Polska";"info@milan.pl";"+48 22 868 34 00";84
"Cubic Fun";"CubicFun Toys Industrial Co., Ltd.";"No.1 Shaoshan Road, Longhu Zhujin Industrial District, Shantou, Guangdong, China";"3dpuzzle@cubicfun.com";"+86 754 88604627";80
"St. Majewski";"St. Majewski Sp. z o.o. Sp. k.";"ul. Kredkowa 1, 05-800 Pruszków, Polska";"st-majewski@st-majewski.pl";"+48 22 758 70 41";79
"Mega Creative";"Mega Creative Sp. z o.o.";"ul. Grunwaldzka 82, 03-118 Warszawa, Polska";"biuro@megacreative.pl";"+48 22 811 83 28";79
"Beniamin";"Beniamin Sp. z o.o. Sp. k.";"ul. Malborska 49, 03-286 Warszawa, Polska";"biuro@beniamin.pl";"+48 22 675 72 43";78
"Michalczyk i Prokop";"Michalczyk i Prokop Sp. z o.o.";"ul. Szkolna 5, 32-020 Wieliczka, Polska";"handlowy@mfrip.pl";"+48 12 278 19 00";77
"Donau";"DONAU Sp. z o.o.";"ul. Kolejowa 5/7, 01-217 Warszawa, Polska";"info@donau-brand.pl";"+48 22 632 83 00";76
"Euro-Trade";"Euro-Trade Sp. z o.o. Sp. k.";"ul. Łokietka 155, 31-263 Kraków, Polska";"biuro@euro-trade.pl";"";75
"Dante";"Dante Sp. z o.o.";"ul. Sarbinowska 6, 62-002 Suchy Las, Polska";"biuro@dante.com.pl";"+48 61 657 99 99";72
"KW TRADE SP Z O.O.";"KW Trade Sp. z o.o.";"ul. Maratońska 91, 94-007 Łódź, Polska";"biuro@kwtrade.pl";"+48 42 681 91 63";67
"BIC POLSKA SP. Z O.O";"BIC Polska Sp. z o.o.";"ul. Domaniewska 49, 02-672 Warszawa, Polska";"kontakt@bicworld.com";"+48 22 606 36 00";63
"WPC";"WPC Sp. z o.o.";"ul. Kolejowa 1, 05-092 Łomianki-Dąbrowa, Polska";"biuro@wpc.com.pl";"+48 22 751 24 52";63
"Cartamundi";"Cartamundi Polska Sp. z o.o.";"ul. Szarych Szeregów 26, 60-462 Kraków, Polska";"info@cartamundi.com";"+48 12 253 40 00";62
"Bantex";"Hamelin S.A.S.";"";"contact@hamelin.com";"+33 2 31 66 30 00";61
"ALIGA - KATARZYNA I PAWEŁ GAŁĄZKA SPÓŁKA JAWNA";"Aliga - Katarzyna i Paweł Gałązka Sp. j.";"ul. Słoneczna 4, 05-270 Marki, Polska";"biuro@aliga.pl";"+48 22 781 65 30";61
"Rystor";"Rystor Polska Sp. z o.o.";"ul. Słoneczna 21A, 86-031 Osielsko, Polska";"rystor@rystor.pl";"+48 787 097 435";60
"Stnux";"Stnux Sp. z o.o.";"ul. Aleje Jerozolimskie 200, 02-486 Warszawa, Polska";"kontakt@stnux.pl";"+48 22 243 84 50";60
"Zielona Sowa";"Grupo Zielona Sowa Sp. z o.o.";"ul. Reja 3, 80-404 Gdańsk, Polska";"biuro@zielonasowa.pl";"+48 58 340 53 53";59
"KOSTAS GROUP SP.Z O.O.";"Kostas Group Sp. z o.o.";"ul. Metalowa 3, 82-300 Elbląg, Polska";"biuro@kostasgroup.pl";"+48 55 236 39 00";58
"BIURFOL SPÓŁKA Z OGRANICZONĄ ODPOWIEDZIALNOŚCIĄ";"Biurfol Sp. z o.o.";"ul. Metalowców 7, 37-450 Stalowa Wola, Polska";"biuro@biurfol.pl";"+48 15 844 20 40";57
"Pentel";"Pentel Europe GmbH";"Langenhorner Chaussee 400, 22419 Hamburg, Deutschland";"info@pentel.de";"+49 40 527 20 70";56
"TADEO TRADING SP. Z O.O.";"Tadeo Trading Sp. z o.o.";"ul. Nowogrodzka 31, 00-511 Warszawa, Polska";"biuro@tadeo.pl";"+48 22 625 61 10";56
"Herlitz";"Herlitz CBC GmbH & Co. KG";"Falkenseer Chaussee 36, 13583 Berlin, Deutschland";"info@herlitz.de";"+49 30 3390 0";52
"ALIGA";"Aliga - Katarzyna i Paweł Gałązka Sp. j.";"ul. Słoneczna 4, 05-270 Marki, Polska";"biuro@aliga.pl";"+48 22 781 65 30";52
"Adamigo";"Adamigo S.A.";"ul. Żniwna 10, 10-823 Olsztyn, Polska";"adamigo@adamigo.com.pl";"+48 89 533 48 07";51
"Aliga";"Aliga - Katarzyna i Paweł Gałązka Sp. j.";"ul. Słoneczna 4, 05-270 Marki, Polska";"biuro@aliga.pl";"+48 22 781 65 30";50
"Office Products";"PBS Connect Polska Sp. z o.o.";"ul. Kolejowa 54B, 01-210 Warszawa, Polska";"biuro@pbs-connect.pl";"+48 22 632 33 11";47
"Argo";"ARGO Spółka Akcyjna";"ul. Krynicka 1, 80-393 Gdańsk, Polska";"argo@argo.pl";"+48 58 554 36 00";46
"LEGO";"LEGO A/S";"";"kundeservice@lego.com";"+45 79 50 60 70";45
"Bburago";"Bburago (Maisto International Inc.)";"19850 Magellan Drive, Torrance, CA 90502, USA";"info@bfrburago.com";"";45
"Bestway";"Bestway Inflatables & Material Corp.";"2/F Commerical Bank Tower, No.1, Futian District, Shenzhen, China";"info@bestway-corp.com";"+86 755 8303 0160";44
"Party Deco";"PartyDeco Sp. z o.o.";"ul. Dębowa 6, 05-816 Michałowice, Polska";"biuro@partydeco.pl";"+48 22 723 43 27";44
"WYDAWNICTWO NIKO SP. Z O.O.";"Grupo Zielona Sowa Sp. z o.o.";"ul. Reja 3, 80-404 Gdańsk, Polska";"biuro@zielonasowa.pl";"+48 58 340 53 53";43
"NEWELL POLAND SERVICES SP. Z O.O.";"Newell Poland Services Sp. z o.o.";"ul. Inflancka 4C, 00-189 Warszawa, Polska";"info.poland@newellco.com";"+48 22 375 25 00";43
"Keyroad";"Keyroad Stationery Co., Ltd.";"Ningbo, Zhejiang, China";"info@keyroad.com";"";43
"PILOT";"Pilot Pen (Deutschland) GmbH";"Casterfeldstraße 35, 68199 Mannheim, Deutschland";"info@pilotpen.de";"+49 621 84 25 10";41
"Staedtler";"STAEDTLER Mars GmbH & Co. KG";"Moosaeckerstraße 3, 90427 Nürnberg, Deutschland";"info@staedtler.com";"+49 911 9365 0";41
"VAUPE SP. Z O.O.";"VAUPE Sp. z o.o.";"ul. Marszałkowska 3/5, 00-624 Warszawa, Polska";"vaupe@vaupe.pl";"+48 22 628 47 94";41
"DpCraft";"DpCraft Sp. z o.o.";"ul. Nowy Świat 33, 00-029 Warszawa, Polska";"biuro@dpcraft.pl";"";40
"M&G";"M&G Stationery Co., Ltd.";"Shanghai, China";"";"";38
"Faber-Castell";"Faber-Castell Aktiengesellschaft";"Nürnberger Straße 2, 90546 Stein, Deutschland";"info@faber-castell.de";"+49 911 9965 0";37
"TIERRA GROUP Sp. z o.o. Sp. K";"Titanum Sp. z o.o.";"ul. Garbarska 16, 20-340 Lublin, Polska";"biuro@titanum.pl";"+48 81 743 04 00";37
"Hipo";"Hipo Sp. z o.o.";"ul. Rydygiera 8, 01-793 Warszawa, Polska";"biuro@hipo.com.pl";"+48 22 633 59 80";36
"Cartotecnica Rossi";"Cartotecnica Rossi S.p.A.";"Via Fossalta 64, 31033 Castelfranco Veneto (TV), Italia";"info@cartfrrossi.com";"+39 0423 738 411";36
"GRUPA WYDAWNICZA MEDIA RODZINA SPÓŁKA Z O.O";"Egmont Polska Sp. z o.o.";"ul. Dzielna 60, 01-029 Warszawa, Polska";"egmont@egmont.pl";"+48 22 838 41 00";36
"MP POLAND SPÓŁKA Z OGRANICZONĄ ODPOWIEDZIALNOŚCIĄ";"Michalczyk i Prokop Sp. z o.o.";"ul. Szkolna 5, 32-020 Wieliczka, Polska";"handlowy@mfrip.pl";"+48 12 278 19 00";34
"Pastello";"Tadeo Trading Sp. z o.o.";"ul. Nowogrodzka 31, 00-511 Warszawa, Polska";"biuro@tadeo.pl";"+48 22 625 61 10";34
"Welly";"Welly Die Casting Factory Ltd.";"Hong Kong, China";"";"";34
"Eagle";"Eagle Sp. z o.o.";"ul. Marszałkowska 27/35, 00-639 Warszawa, Polska";"biuro@eagle.com.pl";"+48 22 826 21 25";33
"Kukuryku";"Kukuryku Julia Pogorzelska";"ul. Mokotowska 1, 00-640 Warszawa, Polska";"";"";32
"ROZETTE SPÓŁKA Z OGRANICZONĄ ODPOWIEDZIALNOŚCIĄ";"Rozette Sp. z o.o.";"ul. Targowa 72, 03-734 Warszawa, Polska";"biuro@rozette.pl";"+48 22 818 07 00";32
"Maped";"Maped S.A.S.";"6 Rue du Dr Henri Tresal, 74300 Cluses, France";"sav@maped.com";"+33 4 50 98 60 60";30
"Abino";"Abino Sp. z o.o.";"ul. Domaniewska 37, 02-672 Warszawa, Polska";"biuro@abino.pl";"+48 22 652 18 20";30
"nieznany producent";"";"";"";"";28
"Waterman";"Newell Poland Services Sp. z o.o.";"ul. Inflancka 4C, 00-189 Warszawa, Polska";"info.poland@newellco.com";"+48 22 375 25 00";27
"EUROPAPIER POLSKA SP.Z O.O.";"Europapier Polska Sp. z o.o.";"ul. Krakowiaków 46, 02-255 Warszawa, Polska";"biuro@europapier.com";"+48 22 868 73 00";27
"Nadwyraz";"Wydawnictwo Nadwyraz Sp. z o.o.";"Warszawa, Polska";"";"";27
"Paper Mate";"Newell Poland Services Sp. z o.o.";"ul. Inflancka 4C, 00-189 Warszawa, Polska";"info.poland@newellco.com";"+48 22 375 25 00";26
"Derform";"Derform Sp. z o.o.";"ul. Łąkowa 11, 83-010 Straszyn, Polska";"biuro@derform.pl";"+48 58 741 15 11";26
"GoDan";"Godan S.A.";"ul. Kopernika 38, 05-120 Legionowo, Polska";"biuro@godan.pl";"+48 22 774 11 11";26
"Biurfol";"Biurfol Sp. z o.o.";"ul. Metalowców 7, 37-450 Stalowa Wola, Polska";"biuro@biurfol.pl";"+48 15 844 20 40";25
"CZAPSKA SPÓŁKA KOMANDYTOWA";"Czapska Sp. k.";"ul. Sokołowska 38, 05-806 Sokołów, Polska";"biuro@tetis.pl";"+48 22 729 77 77";25
"Unipap";"Unipap Sp. z o.o.";"ul. Dworcowa 7, 43-502 Czechowice-Dziedzice, Polska";"biuro@unipap.pl";"+48 32 215 68 90";24
"Granna";"Granna Sp. z o.o.";"ul. Brzeska 2, 21-400 Łuków, Polska";"biuro@granna.pl";"+48 25 798 42 42";24
"BamBam";"BamBam Sp. z o.o.";"ul. Starogardzka 7, 83-010 Straszyn, Polska";"biuro@bambam.pl";"+48 58 690 90 90";24
"Kamet";"Kamet Eugeniusz Kamiński";"ul. Parkowa 12, 05-270 Marki, Polska";"";"";23
"AVERY ZWECKFORM GMBH";"Avery Zweckform GmbH";"Ernst-Abbe-Straße 26, 85540 Haar, Deutschland";"info@avery-zweckform.de";"+49 89 436 80 0";23
"Dickie Toys";"Simba Toys GmbH & Co. KG";"Werkstraße 1, 90765 Fürth, Deutschland";"info@simba-dickie-group.de";"+49 911 9765 01";23
"Gimboo";"PBS Connect Polska Sp. z o.o.";"ul. Kolejowa 54B, 01-210 Warszawa, Polska";"biuro@pbs-connect.pl";"+48 22 632 33 11";23
"WYDAWNICTWO "NIKO" S.C.KRZEMIONKA,SOBIERALSKI";"Grupo Zielona Sowa Sp. z o.o.";"ul. Reja 3, 80-404 Gdańsk, Polska";"biuro@zielonasowa.pl";"+48 58 340 53 53";22
"Adar";"Adar Agencja Handlowo-Usługowa Dariusz Adamiec";"Łódź, Polska";"";"";21
"STABILO POLSKA";"STABILO International GmbH";"Schwanweg 1, 90562 Heroldsberg, Deutschland";"info@stabilo.com";"+49 911 9365 0";20
"HERLITZ PRZEŹMIEROWO";"Herlitz CBC GmbH & Co. KG";"Falkenseer Chaussee 36, 13583 Berlin, Deutschland";"info@herlitz.de";"+49 30 3390 0";20
"PBS CONNECT POLSKA SP. Z O.O.";"PBS Connect Polska Sp. z o.o.";"ul. Kolejowa 54B, 01-210 Warszawa, Polska";"biuro@pbs-connect.pl";"+48 22 632 33 11";20
"Canson";"Canson S.A.S.";"67 rue de Bagnolet, 75020 Paris, France";"info@canson.com";"+33 4 75 33 60 00";19
"Paso";"PASO Sp. z o.o.";"ul. Życzliwa 2A, 53-030 Wrocław, Polska";"biuro@paso.pl";"+48 71 339 47 39";18
"Deef";"Deef Sp. z o.o.";"Wrocław, Polska";"";"";18
"Sun-Day";"Sun-Day Sp. z o.o.";"Warszawa, Polska";"";"";18
"Lego";"LEGO A/S";"";"kundeservice@lego.com";"+45 79 50 60 70";18
"Sharpie";"Newell Poland Services Sp. z o.o.";"ul. Inflancka 4C, 00-189 Warszawa, Polska";"info.poland@newellco.com";"+48 22 375 25 00";17
"Toma";"Toma Sp. z o.o.";"ul. Jałowcowa 8, 05-552 Wólka Kosowska, Polska";"biuro@toma.com.pl";"+48 22 750 68 10";17
"Back Up";"Derform Sp. z o.o.";"ul. Łąkowa 11, 83-010 Straszyn, Polska";"biuro@derform.pl";"+48 58 741 15 11";17
"Titanum Zenon Waniak Spółka Komandytowa";"Titanum Sp. z o.o.";"ul. Garbarska 16, 20-340 Lublin, Polska";"biuro@titanum.pl";"+48 81 743 04 00";17
"St. Majewski Spółka z.o.o";"St. Majewski Sp. z o.o. Sp. k.";"ul. Kredkowa 1, 05-800 Pruszków, Polska";"st-majewski@st-majewski.pl";"+48 22 758 70 41";17
"Penmate";"Tadeo Trading Sp. z o.o.";"ul. Nowogrodzka 31, 00-511 Warszawa, Polska";"biuro@tadeo.pl";"+48 22 625 61 10";16
"Mondi";"Mondi Świecie S.A.";"ul. Bydgoska 1, 86-100 Świecie, Polska";"info@mondigroup.com";"+48 52 332 11 11";16
"Bigo";"Bigo Sp. z o.o.";"ul. Sokołowska 38, 05-806 Sokołów, Polska";"biuro@bigo.com.pl";"+48 22 729 77 30";16
"MILAN POLSKA SP.Z.O.O.";"Milan Cia. de Leykam S.A.";"Carrer de la Barquera, 48, 46014 Valencia, Spain";"info@milan.es";"+34 963 79 52 52";16
"Tres";"Tres Sp. z o.o.";"Warszawa, Polska";"";"";16
"FILA POLSKA SPÓŁKA";"Faber-Castell Aktiengesellschaft";"Nürnberger Straße 2, 90546 Stein, Deutschland";"info@faber-castell.de";"+49 911 9965 0";16
"Fiorello";"Tadeo Trading Sp. z o.o.";"ul. Nowogrodzka 31, 00-511 Warszawa, Polska";"biuro@tadeo.pl";"+48 22 625 61 10";16
"Alleblox";"Euro-Trade Sp. z o.o. Sp. j.";"ul. Rolnicza 4, 41-253 Czeladź, Polska";"eurotrade@euro-trade.pl";"+48 32 263 74 60";16
"Bam Bam";"BamBam Sp. z o.o.";"ul. Starogardzka 7, 83-010 Straszyn, Polska";"biuro@bambam.pl";"+48 58 690 90 90";16
"Jada Toys";"Jada Toys, Inc.";"16628 Marquardt Ave, Cerritos, CA 90703, USA";"info@jadatoys.com";"+1 714 562 0707";16
"Strigo";"Tadeo Trading Sp. z o.o.";"ul. Nowogrodzka 31, 00-511 Warszawa, Polska";"biuro@tadeo.pl";"+48 22 625 61 10";15
"Hamelin";"Hamelin S.A.S.";"";"contact@hamelin.com";"+33 2 31 66 30 00";15
"Q-connect";"PBS Connect Polska Sp. z o.o.";"ul. Kolejowa 54B, 01-210 Warszawa, Polska";"biuro@pbs-connect.pl";"+48 22 632 33 11";15
"KW Trade";"KW Trade Sp. z o.o.";"ul. Maratońska 91, 94-007 Łódź, Polska";"biuro@kwtrade.pl";"+48 42 681 91 63";14
"Zenith";"Zenith S.r.l.";"Via del Lavoro 1, 40033 Casalecchio di Reno (BO), Italia";"info@zenith.it";"+39 051 575 01 01";14
"ALFA spółka cywilna Bogusław Pilawa, Robert Szydło";"ALFA s.c. B. Pilawa, R. Szydło";"ul. Krakowska 141, 34-120 Andrychów, Polska";"biuro@alfalampy.pl";"";14
"ST. MAJEWSKI SP. Z O. O.";"St. Majewski Sp. z o.o. Sp. k.";"ul. Kredkowa 1, 05-800 Pruszków, Polska";"st-majewski@st-majewski.pl";"+48 22 758 70 41";13
"Schleich";"Schleich GmbH";"Am Limes 69, 73527 Schwäbisch Gmünd, Deutschland";"info@schleich-s.com";"+49 7171 1070 100";13
"ASKATO SPÓŁKA Z O.O. SP. K.";"Askato Sp. z o.o. Sp. k.";"ul. Obornicka 2A, 62-002 Złotniki, Polska";"biuro@askato.pl";"+48 61 666 15 56";13
"Rozette";"Rozette Sp. z o.o.";"ul. Targowa 72, 03-734 Warszawa, Polska";"biuro@rozette.pl";"+48 22 818 07 00";13
"Antra";"Antra Sp. z o.o.";"ul. Popularna 14, 02-473 Warszawa, Polska";"biuro@antra.pl";"+48 22 290 59 50";13
"Kum";"KUM Schreibgeräte GmbH & Co. KG";"Nürnberger Str. 58, 91052 Erlangen, Deutschland";"info@kum.de";"+49 913 187 770";12
"Rotring";"Newell Poland Services Sp. z o.o.";"ul. Inflancka 4C, 00-189 Warszawa, Polska";"info.poland@newellco.com";"+48 22 375 25 00";12
"XQ";"";"";"";"";12
"Mattel";"Mattel, Inc.";"";"consumer.services@mattel.com";"+1 800 524 8697";12
"Monami";"Monami Co., Ltd.";"22-1, Bangul-dong, Gimpo-si, Gyeonggi-do, South Korea";"";"";12
"RYSTOR SPÓŁKA Z OGRANICZONĄ ODPOWIEDZIALNOŚCIĄ";"Rystor Polska Sp. z o.o.";"ul. Słoneczna 21A, 86-031 Osielsko, Polska";"rystor@rystor.pl";"+48 787 097 435";12
"MP";"Michalczyk i Prokop Sp. z o.o.";"ul. Szkolna 5, 32-020 Wieliczka, Polska";"handlowy@mfrip.pl";"+48 12 278 19 00";12
"Fisher-Price";"Mattel, Inc.";"333 Continental Blvd, El Segundo, CA 90245, USA";"consumer.services@mattel.com";"+1 800 524 8697";11
"Basic";"PBS Connect Polska Sp. z o.o.";"ul. Annopol 4a, 03-236 Warszawa, Polska";"biuro@pbsconnect.pl";"";11
"TULLO KATARZYNA ABRAMCZUK";"Tullo Katarzyna Abramczuk";"Łódź, Polska";"tullo@tullo.pl";"";11
"CzuCzu";"Bright Junior Media Sp. z o.o.";"ul. Wołoska 7, 02-675 Warszawa, Polska";"kontakt@czuczu.pl";"+48 22 378 31 51";11
"CDNORD";"CDNord Sp. z o.o.";"Poznań, Polska";"";"";10
"Quercetti";"Quercetti & C. S.p.A.";"Corso Vigevano, 25, 10155 Torino, Italia";"info@quercetti.it";"+39 011 24 89 811";10
"DELTA-GRAPHIX";"Grand Sp. j.";"ul. Elbląska 15/17, 01-747 Warszawa, Polska";"biuro@grand.com.pl";"+48 22 633 31 33";10
"Malimas";"Malimas Sp. z o.o.";"Polska";"";"";10
"F.H.U. JU-PITER JACEK ŁUKASIAK";"F.H.U. Ju-Piter Jacek Łukasiak";"Łódź, Polska";"";"";10
"Ge.Ma.R.";"Ge.Ma.R. S.r.l.";"Via Portuense 1645, 00148 Roma, Italia";"info@gefrmar.it";"+39 06 655 33 58";10
"GODAN S.A.";"Godan S.A.";"ul. Kopernika 38, 05-120 Legionowo, Polska";"biuro@godan.pl";"+48 22 774 11 11";10
"DIPLO";"Diplo Sp. z o.o.";"Polska";"";"";10
"UNI";"Mitsubishi Pencil Co., Ltd.";"5-23-37 Higashiohi, Shinagawa-ku, Tokyo 140-8537, Japan";"info@uniball.eu";"+44 1onal234 33 43 45";9
"TRODAT SP.Z O.O.";"Trodat Sp. z o.o.";"ul. Marsa 56A, 04-242 Warszawa, Polska";"info@trodat.pl";"+48 22 610 09 53";9
"TOMA SPÓŁKA Z OGRANICZONĄ ODPOWIEDZIALNOŚCIĄ";"Toma Sp. z o.o.";"ul. Jałowcowa 8, 05-552 Wólka Kosowska, Polska";"biuro@toma.com.pl";"+48 22 750 68 10";9
"Jupiter";"F.H.U. Ju-Piter Jacek Łukasiak";"Łódź, Polska";"";"";9
"LESZKO";"Leszko Sp. z o.o.";"Polska";"";"";9
"Procos";"Procos S.A.";"Metamorphosis, Athens, Greece";"info@procos.gr";"";9
"MC My Bubble";"Mega Creative Sp. z o.o.";"ul. Grunwaldzka 82, 03-118 Warszawa, Polska";"biuro@megacreative.pl";"+48 22 811 83 28";8
"Munhwa";"Munhwa Co., Ltd.";"Seoul, South Korea";"";"";8
"Clinex";"Amtra Sp. z o.o.";"ul. Schönkirch 1, 80-170 Gdańsk, Polska";"clinex@clinex.pl";"+48 58 326 30 30";8
"inna";"";"";"";"";8
"Trifox";"Trifox Sp. z o.o.";"ul. Kolejowa 5, 01-217 Warszawa, Polska";"biuro@trifox.pl";"";8
"Hasbro";"Hasbro European Trading B.V.";"Passage 234, 1101 AX Amsterdam Zuidoost, Netherlands";"consumer_affairs@hasbro.co.uk";"+44 800 227 228";7
"Artyk";"Artyk Sp. z o.o.";"ul. Demokratyczna 46, 93-430 Łódź, Polska";"biuro@artyk.com.pl";"+48 42 684 42 42";7
"Elba";"Hamelin Polska Sp. z o.o.";"ul. Szarych Szeregów 13, 60-462 Poznań, Polska";"biuro@hamelin.pl";"+48 61 867 34 95";7
"Spin Master";"Spin Master Ltd.";"225 King Street West, Suite 200, Toronto, Ontario M5V 3M2, Canada";"info@spinmaster.com";"+1 416 364 6002";7
"Koh-i-noor";"KOH-I-NOOR HARDTMUTH a.s.";"F. A. Gerstnera 21/3, 370 01 České Budějovice, Česká republika";"info@koh-i-noor.cz";"+420 389 000 111";7
"POLIGRAF is";"Poligraf IS sp. j.";"ul. Mickiewicza 21, 32-050 Skawina, Polska";"biuro@poligraf-is.pl";"";7
"Centropen";"Centropen a.s.";"Nádražní 215, 561 51 Letohrad, Česká republika";"centropen@centropen.cz";"+420 465 622 111";7
"Panta Plast";"Panta-Plast Sp. z o.o.";"ul. Opłotki 5, 03-984 Warszawa, Polska";"biuro@panta-plast.pl";"+48 22 515 30 00";7
"Berlingo";"Berlingo Trading GmbH";"Hamburg, Deutschland";"";"";7
"My Bubble";"Mega Creative Sp. z o.o.";"ul. Grunwaldzka 82, 03-118 Warszawa, Polska";"biuro@megacreative.pl";"+48 22 811 83 28";7
"TM Toys";"TM Toys Sp. z o.o.";"ul. Emilii Plater 53, 00-113 Warszawa, Polska";"biuro@tmtoys.pl";"+48 22 465 96 11";7
"DERFORM SP. Z O.O.";"Derform Sp. z o.o.";"ul. Łąkowa 11, 83-010 Straszyn, Polska";"biuro@derform.pl";"+48 58 741 15 11";7
"Carioca";"CARIOCA S.p.A.";"Via Sempione 10, 15067 Novi Ligure (AL), Italia";"info@carioca.it";"+39 0143 322 411";7
"STNUX CHILIŃSKI I WSPÓLNICY SPÓŁKA JAWNA";"Stnux Sp. z o.o.";"ul. Aleje Jerozolimskie 200, 02-486 Warszawa, Polska";"kontakt@stnux.pl";"+48 22 243 84 50";7
"Tullo";"Tullo Katarzyna Abramczuk";"Łódź, Polska";"tullo@tullo.pl";"";7
"Smoby";"Smoby Toys SAS";"Zone Industrielle, 39220 Les Rousses, France";"contact@smoby.com";"+33 3 84 60 35 35";7
"Barbie";"Mattel, Inc.";"333 Continental Blvd, El Segundo, CA 90245, USA";"consumer.services@mattel.com";"+1 800 524 8697";7
"Bicycle";"The United States Playing Card Company";"300 Gap Way, Erlanger, KY 41018, USA";"";"";7
"Fru blu";"TM Toys Sp. z o.o.";"ul. Emilii Plater 53, 00-113 Warszawa, Polska";"biuro@tmtoys.pl";"+48 22 465 96 11";7
"Flamingo Line";"Flamingo Sp. z o.o.";"ul. Przemysłowa 3, 44-190 Knurów, Polska";"biuro@flamingo-line.pl";"";7
"Cricco";"Tadeo Trading Sp. z o.o.";"ul. Nowogrodzka 31, 00-511 Warszawa, Polska";"biuro@tadeo.pl";"+48 22 625 61 10";6
"LISCIANI GIOCHI";"Lisciani Giochi S.r.l.";"Via Ramo d'Oro, snc - Zona Ind.le, 64014 Martinsicuro (TE), Italia";"info@liscianigiochi.it";"+39 0861 799 711";6
"IQ";"";"";"";"";6
"Mungyo";"Mungyo Co., Ltd.";"Busan, South Korea";"";"";6
"A&G KOPERTY";"A&G Koperty Sp. z o.o.";"ul. Gołdapska 12, 19-500 Gołdap, Polska";"biuro@agkoperty.com.pl";"";6
"Z-Design";"Avery Zweckform GmbH";"Miesbacher Str. 5, 83626 Valley, Deutschland";"info-de@avery.com";"";6
"DONAU TECH";"DONAU Sp. z o.o.";"ul. Kolejowa 5/7, 01-217 Warszawa, Polska";"info@donau-brand.pl";"+48 22 632 83 00";6
"Avery";"Avery Zweckform GmbH";"Ernst-Abbe-Straße 26, 85540 Haar, Deutschland";"info@avery-zweckform.de";"+49 89 436 80 0";6
"John";"JOHN GmbH";"Industriestraße 4, 83543 Rott am Inn, Deutschland";"info@john-toys.com";"+49 8039 9098 0";6
"ToysInn";"ToysInn Sp. z o.o.";"ul. Kartuska 5, 80-103 Gdańsk, Polska";"biuro@toysinn.pl";"";6
"Axel";"Axel Sp. z o.o.";"ul. Siennicka 25, 04-393 Warszawa, Polska";"axel@axel.com.pl";"+48 22 612 73 14";6
"Newell";"Newell Poland Services Sp. z o.o.";"ul. Inflancka 4C, 00-189 Warszawa, Polska";"info.poland@newellco.com";"+48 22 375 25 00";6
"TRIFOX SPÓŁKA Z OGRANICZONĄ ODPOWIEDZIALNOŚCIĄ";"Trifox Sp. z o.o.";"ul. Kolejowa 5, 01-217 Warszawa, Polska";"biuro@trifox.pl";"";6
"ARTYK SP. Z O.O.";"Artyk Sp. z o.o.";"ul. Demokratyczna 46, 93-430 Łódź, Polska";"biuro@artyk.com.pl";"+48 42 684 42 42";6
"Nice Group";"Nice Group Co., Ltd.";"Yiwu, Zhejiang, China";"";"";6
"Inny producent";"";"";"";"";6
"Marek";"Marek Sp. z o.o.";"Polska";"";"";6
"DARIUSZ ADAMIEC "ADAR" AGENCJA HANDLOWO-USŁUGOWA";"Adar Agencja Handlowo-Usługowa Dariusz Adamiec";"Łódź, Polska";"";"";6
"KWADRATURA KOŁA EWA FRĄCKIEWICZ";"Kostas Group Sp. z o.o.";"ul. Metalowa 3, 82-300 Elbląg, Polska";"biuro@kostasgroup.pl";"+48 55 236 39 00";6
"Steffi";"Simba Toys GmbH & Co. KG";"Werkstraße 1, 90765 Fürth, Deutschland";"info@simba-dickie-group.de";"+49 911 9765 01";5
"Emerson";"Emerson Sp. z o.o.";"";"biuro@emerson.pl";"";5
"Y-Plus";"Euro-Trade Sp. z o.o. Sp. k.";"ul. Łokietka 155, 31-263 Kraków, Polska";"biuro@euro-trade.pl";"";5
"Kamaben";"P.P.H.U. KAMABEN";"ul. Kilińskiego 162, 93-117 Łódź, Polska";"kamaben@kamaben.pl";"";5
"Toys";"Lean Toys";"ul. Północna 1, 42-240 Rudniki, Polska";"biuro@leantoys.com";"";5
"Wallner";"Argo S.A.";"ul. Krynicka 1, 80-393 Gdańsk, Polska";"argo@argo.pl";"";5
"Dong-A";"Euro-Trade Sp. z o.o. Sp. k.";"ul. Łokietka 155, 31-263 Kraków, Polska";"biuro@euro-trade.pl";"";5
"Oval";"P.P.H.U. OVAL Sp. z o.o.";"ul. Mickiewicza 21, 32-050 Skawina, Polska";"biuro@oval.pl";"";5
"CDC PL SPÓŁKA Z OGRANICZONĄ ODPOWIEDZIALNOŚCIĄ";"CDC PL Sp. z o.o.";"ul. Żelazna 1, 40-851 Katowice, Polska";"cdc@cdc.pl";"";5
"Pozostałe";"";"";"";"";5
"Memobe";"Memobe Sp. z o.o.";"ul. Szchowska 53, 20-082 Lublin, Polska";"biuro@memobe.pl";"";5
"Tuban";"Tuban Sp. z o.o.";"ul. Bohaterów 11 Listopada 9, 42-680 Tarnowskie Góry, Polska";"biuro@tuban.pl";"+48 32 285 04 00";5
"Majorette";"Simba Toys GmbH & Co. KG";"Werkstraße 1, 90765 Fürth, Deutschland";"info@simba-dickie-group.de";"+49 911 9765 01";5
"Niko";"Grupo Zielona Sowa Sp. z o.o.";"ul. Reja 3, 80-404 Gdańsk, Polska";"biuro@zielonasowa.pl";"+48 58 340 53 53";5
"Creatinio";"Michalczyk i Prokop Sp. z o.o.";"ul. Trakt Brzeski 1, 05-070 Sulejówek, Polska";"biuro@mip.com.pl";"";5
"inny";"";"";"";"";5
"MARMAR";"Marmar Sp. z o.o.";"ul. Przemysłowa 14, 32-050 Skawina, Polska";"marmar@marmar.pl";"";5
"Eugeniusz Kamiński "KAMET"";"Kamet Eugeniusz Kamiński";"ul. Parkowa 12, 05-270 Marki, Polska";"";"";5
"Brother";"Brother Industries, Ltd.";"1-1-1 Kawagishi, Mizuho-ku, Nagoya 467-8561, Japan";"info@brother.pl";"+48 22 318 03 00";5
"Dymo";"Newell Poland Services Sp. z o.o.";"ul. Inflancka 4C, 00-189 Warszawa, Polska";"info.poland@newellco.com";"+48 22 375 25 00";5
"Flamingo";"Flamingo Sp. z o.o.";"ul. Przemysłowa 3, 44-190 Knurów, Polska";"biuro@flamingo-line.pl";"";5
"FIRMA PRODUKCYJNO HANDLOWA ZACHEM Tadeusz GŁOWALA";"F.P.H. ZACHEM Tadeusz Głowala";"ul. Polna 15, 87-162 Lubicz Dolny, Polska";"zachem@zachem.com.pl";"";5
"POL";"";"";"";"";4
"Amos";"";"";"";"";4
"MAR-BOR";"P.P.H.U. MAR-BOR";"ul. 1 Maja 43, 42-262 Poczesna, Polska";"biuro@mar-bor.pl";"";4
"Poligraf";"Poligraf IS sp. j.";"ul. Mickiewicza 21, 32-050 Skawina, Polska";"biuro@poligraf-is.pl";"";4
"CX DYSTRYBUCJA SP. Z O.O.";"CX Dystrybucja Sp. z o.o.";"ul. Chwaszczyńska 129, 81-571 Gdynia, Polska";"biuro@cx.pl";"";4
"Energizer";"Energizer Holdings, Inc.";"533 Maryville University Drive, St. Louis, MO 63141, USA";"consumer@energizer.com";"+1 800 383 7323";4
"Disney";"The Walt Disney Company (Benelux) B.V.";"De Passage 144, 1101 AX Amsterdam, Netherlands";"";"";4
"Tymos";"Tymos Sp. z o.o.";"ul. Robotnicza 1, 55-095 Mirków, Polska";"biuro@tymos.pl";"";4
"Drescher";"";"";"";"";4
"Koma-Plast";"Koma-Plast Sp. z o.o.";"ul. Ceramiczna 1, 20-150 Lublin, Polska";"biuro@komaplast.pl";"";4
"Schneider";"Schneider Schreibgeräte GmbH";"Schwarzenbach 1, 78147 Vöhrenbach, Deutschland";"info@schneiderpen.com";"+49 7727 7280";4
"F.H.U.  JU-PITER ALICJA ŁUKASIAK";"F.H.U. Ju-Piter Jacek Łukasiak";"Łódź, Polska";"";"";4
"DAFFI SPÓŁKA Z OGRANICZONĄ ODPOWIEDZIALNOŚCIĄ";"Dromader Sp. z o.o.";"ul. Targowa 72, 03-734 Warszawa, Polska";"biuro@dromader.pl";"+48 22 619 25 00";4
"KRIS-TEAM";"Kris-Team Sp. z o.o.";"ul. Polna 14, 05-800 Pruszków, Polska";"biuro@kris-team.pl";"";4
"CUB";"Cubatex Sp. z o.o.";"ul. Dębowa 6, 05-806 Komorów, Polska";"biuro@cubatex.pl";"";4
"AstraBag";"Astra Spółka Akcyjna";"ul. Zofii Nałkowskiej 73, 42-600 Tarnowskie Góry, Polska";"biuro@astra-artykuly.pl";"+48 32 381 93 00";4
"Brewis";"Brewis Sp. z o.o.";"ul. Trzcienna 42, 05-092 Łomianki, Polska";"biuro@brewis.pl";"";4
"NERF";"Hasbro European Trading B.V.";"Passage 234, 1101 AX Amsterdam Zuidoost, Netherlands";"consumer_affairs@hasbro.co.uk";"+44 800 227 228";4
"ART AND PLAY";"Artix Sp. z o.o.";"ul. Okólna 45, 05-270 Marki, Polska";"biuro@artix.pl";"";4
"Jan Niezbędny";"Sarantis Polska S.A.";"";"kontakt@sarantis.pl";"+48 22 535 02 00";4
"Panini";"Panini S.p.A.";"Via Emilio Po 380, 41126 Modena, Italia";"info@panini.it";"+39 059 382 111";4
"Anna Zaradna";"Stella Pack S.A.";"ul. Krańcowa 67, 21-100 Lubartów, Polska";"stella@stella.com.pl";"";3
"Trodat";"Trodat Sp. z o.o.";"ul. Marsa 56A, 04-242 Warszawa, Polska";"info@trodat.pl";"+48 22 610 09 53";3
"PIONIER";"Pionier J. i M. Wyrozumscy";"ul. Grzybowska 2, 00-131 Warszawa, Polska";"biuro@pionier.pl";"";3
"Vaupe";"VAUPE Sp. z o.o.";"ul. Marszałkowska 3/5, 00-624 Warszawa, Polska";"vaupe@vaupe.pl";"+48 22 628 47 94";3
"Hero";"Amex Stationery Sp. z o.o.";"ul. Słoneczna 2, 62-021 Paczkowo, Polska";"amex@amex.com.pl";"";3
"Tadeo Trading";"Tadeo Trading Sp. z o.o.";"ul. Nowogrodzka 31, 00-511 Warszawa, Polska";"biuro@tadeo.pl";"+48 22 625 61 10";3
"Bi-Office";"Bi-silque S.A.";"R. das Lavandisqueiras 460, 4520-691 Espargo VFR, Portugal";"info@bisilque.com";"+351 256 370 500";3
"Noris";"Noris Spiele Georg Reulein GmbH & Co. KG";"Werkstraße 1, 90765 Fürth, Deutschland";"info@simba-dickie-group.de";"+49 911 9765 01";3
"Piatnik";"Ferdinand Piatnik & Söhne";"Hütteldorfer Straße 229-231, 1140 Wien, Österreich";"office@piatnik.com";"+43 1 914 41 51";3
"Enchantimals";"Mattel, Inc.";"333 Continental Blvd, El Segundo, CA 90245, USA";"consumer.services@mattel.com";"+1 800 524 8697";3
"Avery-Zweckform";"Avery Zweckform GmbH";"Ernst-Abbe-Straße 26, 85540 Haar, Deutschland";"info@avery-zweckform.de";"+49 89 436 80 0";3
"PANTA-PLAST SP. Z O.O.";"Panta-Plast Sp. z o.o.";"ul. Opłotki 5, 03-984 Warszawa, Polska";"biuro@panta-plast.pl";"+48 22 515 30 00";3
"CARTAMUNDI CARDS POLAND SP. z O.O.";"Cartamundi Polska Sp. z o.o.";"ul. Szarych Szeregów 26, 60-462 Kraków, Polska";"info@cartamundi.com";"+48 12 253 40 00";3
"TRENDHAUS HANDELSGESELLSCHAFT MBH";"Trendhaus Handelsgesellschaft mbH";"Mistelweg 10, 92318 Neumarkt, Deutschland";"info@trendhaus-germany.de";"";3
"L.O.L. Surprise";"MGA Entertainment, Inc.";"9220 Winnetka Avenue, Chatsworth, CA 91311, USA";"consumer@mgae.com";"+1 800 222 4685";3
"Cresco";"Tadeo Trading Sp. z o.o.";"ul. Nowogrodzka 31, 00-511 Warszawa, Polska";"biuro@tadeo.pl";"+48 22 625 61 10";3
"Portal Games";"Portal Games Sp. z o.o.";"ul. Batorego 2, 78-400 Szczecinek, Polska";"biuro@portalgames.pl";"+48 94 374 31 08";3
"DERFORM SP. J.       NIE PISAĆ";"Derform Sp. z o.o.";"ul. Łąkowa 11, 83-010 Straszyn, Polska";"biuro@derform.pl";"+48 58 741 15 11";3
"DROMADER";"Dromader Sp. z o.o.";"ul. Targowa 72, 03-734 Warszawa, Polska";"biuro@dromader.pl";"+48 22 619 25 00";3
"Mondo";"Mondo S.p.A.";"Via del Cotonificio 96, 33100 Udine, Italia";"info@mondoworld.it";"+39 0432 629 411";3
"MALIMAS";"Malimas Sp. z o.o.";"Polska";"";"";3
"Jada";"Jada Toys, Inc.";"16628 Marquardt Ave, Cerritos, CA 90703, USA";"info@jadatoys.com";"+1 714 562 0707";3
"Stella";"Stella Pack S.A.";"";"biuro@stellapack.com";"+48 34 353 18 00";3
"Goo Jit Zu";"Moose Toys";"29 Grange Rd, Cheltenham VIC 3192, Australia";"info@moosetoys.com";"";3
"National Geographic";"National Geographic Partners LLC";"Washington, DC, USA";"";"";3
"Forpus";"Forpus UAB";"Didžioji g. 28, 01128 Vilnius, Lithuania";"info@forpus.lt";"+370 5 264 7373";3
"Aurora";"Aurora World UK Ltd (Dystr. PL)";"ul. Północna 1, 42-240 Rudniki, Polska";"info@auroraworld.pl";"";3
"Asus";"AB S.A.";"ul. Europejska 15, 55-040 Magnice, Polska";"gpsr@ab.pl";"";3
"ŚWIAT SPINEK";"Świat Spinek s.c.";"ul. Krakowska 50, 32-065 Krzeszowice, Polska";"biuro@swiatspinek.pl";"";3
"Deli";"Deli Group Co., Ltd.";"No. 2586 Chaoyun East Road, Ninghai, Zhejiang 315600, China";"deli@dfreli.com";"+86 574 65591888";3
"Office";"PBS Connect Polska Sp. z o.o.";"ul. Annopol 4a, 03-236 Warszawa, Polska";"biuro@pbsconnect.pl";"";3
"MK Trade";"MK Trade Sp. z o.o.";"ul. Zielona 4, 05-822 Milanówek, Polska";"biuro@mktrade.pl";"";3
"POSCA";"Mitsubishi Pencil Co., Ltd.";"5-23-37 Higashiohi, Shinagawa-ku, Tokyo 140-8537, Japan";"info@uniball.eu";"";3
"inna (Inny)";"";"";"";"";3
"Go Party";"Arpex Sp. z o.o.";"ul. Gliwicka 20, 44-145 Pilchowice, Polska";"biuro@arpex.com.pl";"";3
"Grafix";"Russell Polska Sp. z o.o.";"ul. Kościuszki 115, 85-079 Bydgoszcz, Polska";"biuro@russell.pl";"";3
"Kanex";"Amex Stationery Sp. z o.o.";"ul. Słoneczna 2, 62-021 Paczkowo, Polska";"amex@amex.com.pl";"";3
"St.Right";"St. Majewski Sp. z o.o. Sp. k.";"ul. Kredkowa 1, 05-800 Pruszków, Polska";"st-majewski@st-majewski.pl";"+48 22 758 70 41";3
"KIEL-TECH  SP.Z.O.O";"Kiel-Tech Sp. z o.o.";"ul. Ściegiennego 252, 25-116 Kielce, Polska";"biuro@kiel-tech.pl";"";3
"Konica minolta";"Konica Minolta Business Solutions Polska Sp. z o.o.";"ul. Muszkieterów 15, 02-273 Warszawa, Polska";"info@konicaminolta.pl";"+48 22 444 40 00";3
"Natalia";"";"";"";"";2
"Heykka";"Hamelin Polska Sp. z o.o.";"ul. Ryżowa 49, 02-495 Warszawa, Polska";"pl.info@hamelinbrands.com";"";2
"ARTYK ŁÓDŹ";"Artyk Sp. z o.o.";"ul. Demokratyczna 46, 93-430 Łódź, Polska";"biuro@artyk.com.pl";"+48 42 684 42 42";2
"Esperanza";"EDC Poterek Sp. J.";"ul. Poznańska 129/133, 05-850 Ożarów Maz., Polska";"info@esperanza.pl";"";2
"VelvetCARE";"Velvet CARE Sp. z o.o.";"Klucze-Osada 3, 32-310 Klucze, Polska";"biuro@velvetcare.com";"";2
"Artea";"Hamelin Polska Sp. z o.o.";"ul. Ryżowa 49, 02-495 Warszawa, Polska";"pl.info@hamelinbrands.com";"";2
"Faber-castell";"Faber-Castell Aktiengesellschaft";"Nürnberger Straße 2, 90546 Stein, Deutschland";"info@faber-castell.de";"+49 911 9965 0";2
"Lancer";"Biuro-Land Sp. j.";"ul. Polna 14, 05-800 Pruszków, Polska";"biuro@biuroland.pl";"";2
"Maestro";"Biuro-Land Sp. j.";"ul. Polna 14, 05-800 Pruszków, Polska";"biuro@biuroland.pl";"";2
"AG";"";"";"";"";2
"Bic Kids";"BIC Polska Sp. z o.o.";"ul. Domaniewska 49, 02-672 Warszawa, Polska";"kontakt@bicworld.com";"+48 22 606 36 00";2
"MGA";"MGA Entertainment, Inc.";"9220 Winnetka Avenue, Chatsworth, CA 91311, USA";"consumer@mgae.com";"+1 800 222 4685";2
"Tierra";"Titanum Sp. z o.o.";"ul. Garbarska 16, 20-340 Lublin, Polska";"biuro@titanum.pl";"+48 81 743 04 00";2
"Elmer's";"Newell Poland Services Sp. z o.o.";"ul. Inflancka 4C, 00-189 Warszawa, Polska";"info.poland@newellco.com";"+48 22 375 25 00";2
"4F";"OTCF S.A.";"ul. Saska 25C, 30-720 Kraków, Polska";"bok@otcf.pl";"";2
"Hot Wheels";"Mattel, Inc.";"333 Continental Blvd, El Segundo, CA 90245, USA";"consumer.services@mattel.com";"+1 800 524 8697";2
"3Z";"3Z Zieliński Żelewski Sp. K.";"ul. Puławska 435, 02-801 Warszawa, Polska";"biuro@3z.com.pl";"";2
"Ico";"ICO Sp. z o.o.";"ul. Słoneczna 2, 62-021 Paczkowo, Polska";"biuro@icopoland.pl";"";2
"Drobiazgarnia";"Drobiazgarnia.pl Sp. z o.o.";"ul. Sadowa 39, 42-200 Częstochowa, Polska";"biuro@drobiazgarnia.pl";"";2
"Lacerta";"Wydawnictwo Lacerta";"ul. Januszowicka 11/1, 53-135 Wrocław, Polska";"sklep@lacerta.pl";"";2
"Toor";"Toor Sp. z o.o.";"ul. Okrzei 15, 25-525 Kielce, Polska";"biuro@toor.pl";"";2
"Eichhorn";"Simba Toys GmbH & Co. KG";"Werkstraße 1, 90765 Fürth, Deutschland";"info@simba-dickie-group.de";"+49 911 9765 01";2
"METEOR CEE POLAND S.A";"METEOR CEE POLAND S.A.";"ul. Sadowa 39, 42-200 Częstochowa, Polska";"bok@meteor.pl";"";2
"NET S.C.";"Net s.c. G. Pawlak, M. Pawlak";"ul. Sadowa 39, 42-200 Częstochowa, Polska";"biuro@net-sc.pl";"";2
"Pelikan";"Pelikan Vertriebsgesellschaft mbH & Co. KG";"Werftstraße 9, 30163 Hannover, Deutschland";"info@pelikan.com";"+49 511 6969 0";2
"Inna|Evos";"";"";"";"";2
"Fun&Joy";"Euro-Trade Sp. z o.o. Sp. k.";"ul. Łokietka 155, 31-263 Kraków, Polska";"biuro@euro-trade.pl";"";2
"Michalczyk";"Michalczyk i Prokop Sp. z o.o.";"ul. Szkolna 5, 32-020 Wieliczka, Polska";"handlowy@mfrip.pl";"+48 12 278 19 00";2
"Rexus";"Rexus Sp. z o.o.";"ul. Robotnicza 1, 55-095 Mirków, Polska";"kontakt@rexus.pl";"";2
"Play-Doh";"Hasbro European Trading B.V.";"Passage 234, 1101 AX Amsterdam Zuidoost, Netherlands";"consumer_affairs@hasbro.co.uk";"+44 800 227 228";2
"1DEA.me";"1DEA.me (Dystr. Nice Idea)";"ul. Sosnowa 7, 05-807 Podkowa Leśna, Polska";"biuro@niceidea.pl";"";2
"astra papiernicze";"Astra Spółka Akcyjna";"ul. Zofii Nałkowskiej 73, 42-600 Tarnowskie Góry, Polska";"biuro@astra-artykuly.pl";"+48 32 381 93 00";2
"Wader";"Wader-Woźniak Sp. z o.o.";"";"wader@wader.info.pl";"+48 61 810 98 80";2
"Rebel";"Rebel Sp. z o.o.";"ul. Budowlanych 7, 80-298 Gdańsk, Polska";"rebel@rebel.pl";"";2
"Memoboards";"2x3 S.A.";"ul. Poznańska 58, 74-100 Gryfino, Polska";"info@2x3.pl";"";2
"inny|Top 2000";"PBS Connect Polska Sp. z o.o.";"ul. Kolejowa 54B, 01-210 Warszawa, Polska";"biuro@pbs-connect.pl";"+48 22 632 33 11";2
"3M";"3M Poland Sp. z o.o.";"Al. Katowicka 117, 05-830 Nadarzyn, Polska";"innovation.pl@mmm.com";"+48 22 739 60 00";2
"Max Sport";"Max Sport Sp. z o.o.";"ul. Dekerta 24, 30-703 Kraków, Polska";"bok@maxsport.pl";"";2
"MG Home";"ZPC "Vigo" Sp. z o.o.";"ul. Garażowa 4, 02-651 Warszawa, Polska";"biuro@mghome.pl";"";2
"Pilsan";"Pilsan Toys (Dystr: Rekman)";"ul. Fabryczna 14, 53-609 Wrocław, Polska";"biuro@rekman.com.pl";"";2
"MSpa";"MSpa Polska";"ul. Karczunkowska 42, 02-871 Warszawa, Polska";"info@mspa.pl";"";2
"GDD Grupa Dystrybucyjna Daccar";"Grupa Dystrybucyjna Daccar Sp. z o.o.";"ul. Hetmańska 38, 85-039 Bydgoszcz, Polska";"biuro@gfrupa-daccar.pl";"+48 52 346 32 00";2
"MAREK SP. Z O.O.";"Marek Sp. z o.o.";"Polska";"";"";2
"Majewski";"St. Majewski Sp. z o.o. Sp. k.";"ul. Kredkowa 1, 05-800 Pruszków, Polska";"st-majewski@st-majewski.pl";"+48 22 758 70 41";2
"HASBRO POLAND SP. Z O.O.";"Hasbro European Trading B.V.";"Passage 234, 1101 AX Amsterdam Zuidoost, Netherlands";"consumer_affairs@hasbro.co.uk";"+44 800 227 228";2
"ASTRA Jacek T. Pazik";"Astra Spółka Akcyjna";"ul. Zofii Nałkowskiej 73, 42-600 Tarnowskie Góry, Polska";"biuro@astra-artykuly.pl";"+48 32 381 93 00";2
"HDPE";"Fol-Plast Sp. j.";"ul. Przemysłowa 5, 05-074 Halinów, Polska";"biuro@folplast.com.pl";"";2
"MAT GROUP SPÓŁKA CYWILNA JACEK POŻARLIK I DOMINI";"MAT GROUP s.c.";"ul. Myśliwska 5, 32-050 Skawina, Polska";"biuro@matgroup.pl";"";2
"TOTAL OFFICE TRADING";"Total Office Trading Sp. z o.o.";"ul. Puławska 303, 02-785 Warszawa, Polska";"biuro@totaloffice.pl";"";2
"BIGO";"Bigo Sp. z o.o.";"ul. Sokołowska 38, 05-806 Sokołów, Polska";"biuro@bigo.com.pl";"+48 22 729 77 30";2
"AMEX STATIONERY SP. Z O.O.";"Amex Stationery Sp. z o.o.";"ul. Słoneczna 2, 62-021 Paczkowo, Polska";"amex@amex.com.pl";"";2
"SPINMASTER";"Spin Master Ltd.";"225 King Street West, Suite 200, Toronto, Ontario M5V 3M2, Canada";"info@spinmaster.com";"+1 416 364 6002";2
"Art And Play";"Artix Sp. z o.o.";"ul. Okólna 45, 05-270 Marki, Polska";"biuro@artix.pl";"";2
"Simba Toys";"Simba Toys GmbH & Co. KG";"Werkstraße 1, 90765 Fürth, Deutschland";"info@simba-dickie-group.de";"+49 911 9765 01";2
"360";"";"";"";"";1
"inna|MALIMAS";"Malimas Sp. z o.o.";"Polska";"";"";1
"grand";"Grand Sp. j.";"ul. Elbląska 15/17, 01-747 Warszawa, Polska";"biuro@grand.com.pl";"+48 22 633 31 33";1
"Doris";"Lean Toys";"ul. Północna 1, 42-240 Rudniki, Polska";"biuro@leantoys.com";"";1
"Epee";"EPEE Polska Sp. z o.o.";"ul. Lutyckfra 4B, 60-592 Poznań, Polska";"biuro@epee.pl";"+48 61 662 38 00";1
"TETIS";"Czapska Sp. k.";"ul. Sokołowska 38, 05-806 Sokołów, Polska";"biuro@tetis.pl";"+48 22 729 77 77";1
"Van Manen";"";"";"";"";1
"Format";"";"";"";"";1
"Mikro Trading";"Mikro Trading S.A.";"Podivín 991, 691 45 Podivín, Česká republika";"info@mikrotrading.cz";"";1
"Craft";"Titanum Sp. z o.o.";"ul. Puławska 435, 02-801 Warszawa, Polska";"biuro@titanum.pl";"";1
"Yn-Teen";"";"";"";"";1
"HC";"Astra Spółka Akcyjna";"ul. Zofii Nałkowskiej 73, 42-600 Tarnowskie Góry, Polska";"biuro@astra-artykuly.pl";"+48 32 381 93 00";1
"AS";"AS-FPHU Artur Szafraniec";"ul. Balicka 56, 30-149 Kraków, Polska";"biuro@as-zabawek.pl";"";1
"TM-TOYS SP. ZO.O.";"TM Toys Sp. z o.o.";"ul. Emilii Plater 53, 00-113 Warszawa, Polska";"biuro@tmtoys.pl";"+48 22 465 96 11";1
"Kraft";"";"";"";"";1
"Świat Spinek";"Świat Spinek s.c.";"ul. Krakowska 50, 32-065 Krzeszowice, Polska";"biuro@swiatspinek.pl";"";1
"Visual System";"ODDK Visual System Jerzy Marcinek";"ul. Heila 2, 80-299 Gdańsk, Polska";"biuro@visualsystem.pl";"";1
"Omeko";"Omeko Sp. z o.o.";"ul. Piekarnicza 1, 80-126 Gdańsk, Polska";"biuro@omeko.pl";"";1
"DISTRI SP.Z O.O.";"Norimpex Sp. z o.o.";"ul. Kilińskiego 2, 05-240 Tłuszcz, Polska";"biuro@norimpex.pl";"";1
"iDesign";"iDesign Sp. z o.o.";"ul. Puławska 303, 02-785 Warszawa, Polska";"office@idesign.pl";"";1
"Meto";"Meto International GmbH";"Ersheimer Str. 69, 69434 Hirschhorn, Deutschland";"info@meto.com";"";1
"Merlando";"Merlando Sp. z o.o.";"ul. Balicka 56, 30-149 Kraków, Polska";"biuro@merlando.pl";"";1
"Incood";"Incood Sp. z o.o.";"ul. Metalowców 1, 41-500 Chorzów, Polska";"biuro@incood.pl";"";1
"BRANDED. ŚLIWIŃSKI SPÓŁKA KOMANDYTOWA";"Lean Toys";"ul. Północna 1, 42-240 Rudniki, Polska";"biuro@leantoys.com";"";1
"AMEET POLSKA";"Egmont Polska Sp. z o.o.";"ul. Dzielna 60, 01-029 Warszawa, Polska";"egmont@egmont.pl";"+48 22 838 41 00";1
"NC Koperty";"NC Koperty Sp. z o.o.";"ul. Myśliwska 3, 43-175 Wyry, Polska";"biuro@nckoperty.pl";"";1
"Iwako";"";"";"";"";1
"Silver";"PBS Connect Polska Sp. z o.o.";"ul. Annopol 4a, 03-236 Warszawa, Polska";"biuro@pbsconnect.pl";"";1
"IQ Color";"Mondi Paper Sales GmbH";"Marxergasse 4A, 1030 Vienna, Österreich";"service.paper@mondigroup.com";"";1
"kukartka";"Passion Cards Sp. z o.o.";"ul. Bukowska 148, 60-198 Poznań, Polska";"biuro@passion.com.pl";"";1
"Omega";"Platinet S.A.";"ul. Galicyjska 12, 31-586 Kraków, Polska";"export@platinet.eu";"";1
"Escuela";"Escuela Sp. z o.o.";"ul. Metalowców 1, 41-500 Chorzów, Polska";"biuro@escuela.pl";"";1
"Centrum";"Centrum Sp. z o.o.";"ul. Północna 1, 42-240 Rudniki, Polska";"biuro@centrum-polska.pl";"";1
"Mona";"Mona Sp. z o.o.";"ul. Gdyńska 25, 80-209 Tuchom, Polska";"biuro@mona.pl";"";1
"Verte";"Grupa Inco S.A.";"ul. Wspólna 25, 00-519 Warszawa, Polska";"info@inco.pl";"";1
"Alexander";"Alexander Sp. z o.o.";"ul. Spacerowa 38, 83-110 Tczew, Polska";"biuro@alexander.com.pl";"+48 58 531 20 95";1
"Polesie";"Polesie Sp. z o.o. / Polesie JSC";"ul. 1-aya Stroyevaya, Minsk region, Belarus";"";"";1
"Sferazabawek";"Sfera Zabawek Sp. z o.o.";"ul. Balicka 56, 30-149 Kraków, Polska";"biuro@sferazabawek.pl";"";1
"INTERPEN SP. Z O.O.";"Interpen Sp. z o.o.";"ul. Metalowców 1, 41-500 Chorzów, Polska";"biuro@interpen.pl";"";1
"Marie's";"Phoenix Art Sp. z o.o.";"ul. Gdyńska 25, 80-209 Tuchom, Polska";"biuro@phoenix-art.pl";"";1
"Dodo";"Dodo Toys (Dystrybutor PL)";"ul. Północna 1, 42-240 Rudniki, Polska";"bok@dodo-toys.pl";"";1
"Craft with Fun";"Titanum Sp. z o.o.";"ul. Puławska 435, 02-801 Warszawa, Polska";"biuro@titanum.pl";"";1
"PASSION CARDS";"Passion Cards Sp. z o.o.";"ul. Bukowska 148, 60-198 Poznań, Polska";"biuro@passion.com.pl";"";1
"Lamps";"Lamps s.r.o. (Dystr: Rekman)";"ul. Fabryczna 14, 53-609 Wrocław, Polska";"biuro@rekman.com.pl";"";1
"Oficio";"";"";"";"";1
"Daler Rowney";"Daler-Rowney Ltd.";"Peacock Lane, Bracknell, Berkshire RG12 8SS, United Kingdom";"info@dfraler-rowney.com";"+44 1344 461000";1
"Creativ";"Creativ Company A/S";"Rasmus Færchs Vej 23, 7500 Holstebro, Danmark";"info@cchobby.com";"";1
"IPICASSO SPÓŁKA Z OGRANICZONĄ ODPOWIEDZIALNOŚCIĄ";"";"";"";"";1
"V Trade";"V-Trade Sp. z o.o.";"ul. Przemysłowa 5, 05-074 Halinów, Polska";"biuro@v-trade.pl";"";1
"ET";"Euro-Trade Sp. z o.o. Sp. k.";"ul. Łokietka 155, 31-263 Kraków, Polska";"biuro@euro-trade.pl";"";1
"Marmis";"Marmis Sp. z o.o.";"ul. Gdyńska 25, 80-209 Tuchom, Polska";"biuro@marmis.pl";"";1
"Akuku";"Albis Mazur Sp. j.";"Chotów 24a, 63-460 Nowe Skalmierzyce, Polska";"info@akuku.eu";"";1
"EDGARD";"Edgard Języki Obce";"ul. Podleśna 17, 01-673 Warszawa, Polska";"edgard@edgard.pl";"";1
"ootb";"";"";"";"";1
"Sadpex  Daniel, Przemysław Ślipko Spółka Jawna";"";"";"";"";1
"Avery zweckform";"Avery Zweckform GmbH";"Ernst-Abbe-Straße 26, 85540 Haar, Deutschland";"info@avery-zweckform.de";"+49 89 436 80 0";1
"Kolori";"Kolori Sp. z o.o.";"ul. Przemysłowa 12, 32-050 Skawina, Polska";"biuro@kolori.pl";"";1
"Bard";"Wydawnictwo Bard Sp. j.";"ul. Batorego 15, 31-135 Kraków, Polska";"bard@bard.pl";"";1
"Pukka Pad";"Pukka Pads Ltd.";"Bridgetown Business Park, Rotherham Road, S63 7LG, United Kingdom";"info@pukkapad.com";"+44 1226 759 100";1
"Winsor & Newton";"ColArt International Holdings Ltd.";"The Studio Building, 21 Evesham Street, London W11 4AJ, United Kingdom";"info@winsornewton.com";"+44 20 8424 3200";1
"Titanium";"Titanum Sp. z o.o.";"ul. Garbarska 16, 20-340 Lublin, Polska";"biuro@titanum.pl";"+48 81 743 04 00";1
"KW";"KW Trade Sp. z o.o.";"ul. Maratońska 91, 94-007 Łódź, Polska";"biuro@kwtrade.pl";"+48 42 681 91 63";1
"MP Colours";"Michalczyk i Prokop Sp. z o.o.";"ul. Szkolna 5, 32-020 Wieliczka, Polska";"handlowy@mfrip.pl";"+48 12 278 19 00";1
"Shkolyaryk";"Shkolyaryk LLC (Ukraina/Dystr PL)";"ul. Metalowców 1, 41-500 Chorzów, Polska";"biuro@shkolyaryk.pl";"";1
"Uni";"Mitsubishi Pencil Co., Ltd.";"5-23-37 Higashiohi, Shinagawa-ku, Tokyo 140-8537, Japan";"info@uniball.eu";"+44 1onal234 33 43 45";1
"Pollux";"Pollux Sp. z o.o.";"ul. Ceramiczna 1, 20-150 Lublin, Polska";"biuro@pollux.pl";"";1
"DERFORM SP. J.";"Derform Sp. z o.o.";"ul. Łąkowa 11, 83-010 Straszyn, Polska";"biuro@derform.pl";"+48 58 741 15 11";1
"Jokomisiada";"Jokomisiada Sp. j.";"ul. Balicka 56, 30-149 Kraków, Polska";"sklep@jokomisiada.pl";"";1
"DeltaGraphix";"Grand Sp. j.";"ul. Elbląska 15/17, 01-747 Warszawa, Polska";"biuro@grand.com.pl";"+48 22 633 31 33";1
"Steadtler";"STAEDTLER Mars GmbH & Co. KG";"Moosaeckerstraße 3, 90427 Nürnberg, Deutschland";"info@staedtler.com";"+49 911 9365 0";1
"inna|DIPLO";"";"";"";"";1
"ECOIFFIER";"Smoby Toys SAS";"Zone Industrielle, 39220 Les Rousses, France";"contact@smoby.com";"+33 3 84 60 35 35";1
"inny|Ideal Quality";"";"";"";"";1
"Scooter";"Scooter Sp. z o.o.";"ul. Sosnowa 7, 05-807 Podkowa Leśna, Polska";"info@scooters.pl";"";1
"CurePink";"CurePink s.r.o.";"Argentinská 38, 170 00 Praha 7, Česká republika";"info@curepink.cz";"";1
"ThinkFun";"Ravensburger Verlag GmbH";"Robert-Bosch-Straße 1, 88214 Ravensburg, Deutschland";"infoline@ravensburger.de";"+49 751 860 0";1
"Amex";"Amex Stationery Sp. z o.o.";"ul. Słoneczna 2, 62-021 Paczkowo, Polska";"amex@amex.com.pl";"";1
"Colorino";"Patio Polska Sp. z o.o.";"ul. Mariacka 28, 40-014 Katowice, Polska";"biuro@pfratio.com.pl";"+48 32 206 87 00";1
"Tesa";"tesa SE";"Hugo-Kirchberg-Straße 1, 22848 Norderstedt, Deutschland";"info@tesa.com";"+49 40 888 99 0";1
"Creativo";"Astra Spółka Akcyjna";"ul. Zofii Nałkowskiej 73, 42-600 Tarnowskie Góry, Polska";"biuro@astra-artykuly.pl";"+48 32 381 93 00";1
"Pixie Crew";"Pixie Crew Group s.r.o.";"Roháčova 145/14, 130 00 Praha, Česká republika";"info@pixiecrew.com";"";1
"U Wiktora";"F.H. U Wiktora Wiktor Tabak";"ul. Balicka 56, 30-149 Kraków, Polska";"biuro@u-wiktora.pl";"";1
"Abro";"Abro Industries Inc (Dystr: PL)";"ul. Okólna 45, 05-270 Marki, Polska";"info@abro.pl";"";1
"Creativ Company";"Creativ Company A/S";"Rasmus Færchs Vej 23, 7500 Holstebro, Danmark";"info@cchobby.com";"";1
"Post-it";"3M Poland Sp. z o.o.";"Al. Katowicka 117, 05-830 Nadarzyn, Polska";"innovation.pl@mmm.com";"+48 22 739 60 00";1
"DAS";"Fila Poland Sp. z o.o.";"ul. Hallera 9, 62-020 Swarzędz, Polska";"biuro@fila-poland.pl";"";1
"MiPro";"Michałczyk i Prokop Sp. z o.o.";"ul. Trakt Brzeski 1, 05-070 Sulejówek, Polska";"biuro@mip.com.pl";"";1
"M&C";"";"";"";"";1
"Plast";"Koma-Plast Sp. z o.o.";"ul. Ceramiczna 1, 20-150 Lublin, Polska";"biuro@komaplast.pl";"";1
"Muse";"";"";"";"";1
"Prism";"Prism Sp. z o.o.";"ul. Puławska 303, 02-785 Warszawa, Polska";"bok@prism.pl";"";1
"VTech";"VTech Electronics Europe B.V.";"Zuiderhof 13, 5301 LJ Zaltbommel, Netherlands";"vtechsupport@vtech.com";"+31 418 65 33 00";1
"M&Z";"";"";"";"";1
"NORIMPEX";"Norimpex Sp. z o.o.";"ul. Kilińskiego 2, 05-240 Tłuszcz, Polska";"biuro@norimpex.pl";"";1
"LEAN Toys";"Lean Toys";"ul. Północna 1, 42-240 Rudniki, Polska";"biuro@leantoys.com";"";1
"Lula Baby";"";"";"";"";1
"A-R";"";"";"";"";1
"Begris";"Begris Sp. z o.o.";"ul. Dębowa 6, 05-806 Komorów, Polska";"biuro@begris.pl";"";1
"Multi";"Multi-Gra Sp. j.";"ul. Mickiewicza 21, 32-050 Skawina, Polska";"biuro@multi-gra.pl";"";1
"OSUFI";"";"";"";"";1
"Maxell";"Maxell Europe Ltd.";"Seisdon Rd, Wolverhampton WV6 8NZ, United Kingdom";"maxell@maxell.pl";"";1
"Gacek";"Zakład Wyrobów Foliowych GACEK";"ul. Kolejowa 14, 34-400 Nowy Targ, Polska";"biuro@gacek.pl";"";1
"Protos";"Protos Sp. z o.o.";"ul. Przemysłowa 5, 05-074 Halinów, Polska";"biuro@protos.com.pl";"";1
"Artix";"Artix Sp. z o.o.";"ul. Okólna 45, 05-270 Marki, Polska";"biuro@artix.pl";"";1
"Nobo Kids";"Nobo Kids Sp. z o.o.";"ul. Północna 1, 42-240 Rudniki, Polska";"biuro@nobokids.pl";"";1
"Super Glue";"Bripox Sp. z o.o.";"ul. Marynarska 15, 02-674 Warszawa, Polska";"biuro@bripox.pl";"";1
"Total";"";"";"";"";1
"Sweet Colours";"";"";"";"";1
"inny (Qumak-Sekom)";"Qumak S.A.";"Al. Jerozolimskie 94, 00-807 Warszawa, Polska";"kontakt@qumak.pl";"";1
"Moosee";"Moosee Sp. z o.o.";"ul. Garażowa 4, 02-651 Warszawa, Polska";"biuro@moosee.pl";"";1
"Klocki";"";"";"";"";1
"Astrino";"Astra Spółka Akcyjna";"ul. Zofii Nałkowskiej 73, 42-600 Tarnowskie Góry, Polska";"biuro@astra-artykuly.pl";"+48 32 381 93 00";1
"PBS";"PBS Connect Polska Sp. z o.o.";"ul. Kolejowa 54B, 01-210 Warszawa, Polska";"biuro@pbs-connect.pl";"+48 22 632 33 11";1
"Jumbo";"Jumbo Diset Group (Dystr: TM Toys)";"ul. Złota 59, 00-120 Warszawa, Polska";"info@tmtoys.pl";"";1
"3M Peltor";"3M Poland Sp. z o.o.";"Al. Katowicka 117, 05-830 Nadarzyn, Polska";"innovation.pl@mmm.com";"+48 22 739 60 00";1
"Dino";"Dino Toys s.r.o.";"Zájezdní 5/37, Praha 9, Česká republika";"info@dinotoys.cz";"+420 226 211 661";1
"Huanger";"";"";"";"";1
"Eurobatt";"Eurobatt Sp. z o.o.";"ul. Mszczonowska 20, 05-090 Janki, Polska";"biuro@eurobatt.pl";"";1
"Moxy";"Moxy Sp. z o.o.";"ul. Puławska 303, 02-785 Warszawa, Polska";"bok@moxy.pl";"";1
"Koh i noor";"KOH-I-NOOR HARDTMUTH a.s.";"F. A. Gerstnera 21/3, 370 01 České Budějovice, Česká republika";"info@koh-i-noor.cz";"+420 389 000 111";1
"Paper-mate";"Newell Poland Services Sp. z o.o.";"ul. Inflancka 4C, 00-189 Warszawa, Polska";"info.poland@newellco.com";"+48 22 375 25 00";1
"Inna";"";"";"";"";1
"WYDAWNICTWO "MD" MONIKA DUDA";"Wydawnictwo MD Monika Duda";"ul. Lipowa 23, 44-100 Gliwice, Polska";"wydawnictwo@wydawnictwomd.pl";"";1
"Linex";"Hamelin Brands A/S";"Vesterbrogade 149, 1620 Copenhagen V, Denmark";"info@linex.dk";"+45 46 74 20 00";1
"AB";"AB S.A.";"ul. Europejska 15, 55-040 Magnice, Polska";"gpsr@ab.pl";"";1
"Kontext";"Kontext Sp. z o.o.";"ul. Robotnicza 1, 55-095 Mirków, Polska";"biuro@kontext.pl";"";1
"Diabolo";"";"";"";"";1
"Puma";"Puma Polska Sp. z o.o.";"Al. Jerozolimskie 142A, 02-305 Warszawa, Polska";"service@puma.com";"";1
"QULKI";"";"";"";"";1
"Tomdorix";"Tomdorix Sp. z o.o.";"ul. Balicka 56, 30-149 Kraków, Polska";"biuro@tomdorix.pl";"";1
"Addo";"Russell Polska Sp. z o.o.";"ul. Kościuszki 115, 85-079 Bydgoszcz, Polska";"biuro@russell.pl";"";1
"Coil";"Coil Sp. z o.o.";"ul. Okrzei 15, 25-525 Kielce, Polska";"biuro@coil.pl";"";1
"Taurus";"Taurus Sp. z o.o.";"ul. Przemysłowa 12, 32-050 Skawina, Polska";"biuro@taurus.pl";"";1
"SquishySquishies";"";"";"";"";1
"Little Tikes";"MGA Entertainment, Inc.";"9220 Winnetka Avenue, Chatsworth, CA 91311, USA";"consumer@mgae.com";"+1 800 222 4685";1
"Kreska";"Kreska Sp. z o.o.";"ul. Kilińskiego 162, 93-117 Łódź, Polska";"biuro@kreska.pl";"";1
"Trefl PAP";"Trefl S.A.";"ul. Ks. Jerzego Popiełuszki 17, 83-200 Starogard Gdański, Polska";"trefl@trefl.com";"+48 58 560 15 00";1
"KUKURYKU Julia Pogorzelska";"Kukuryku Julia Pogorzelska";"ul. Mokotowska 1, 00-640 Warszawa, Polska";"";"";1
"EURO-TRADE SPÓŁKA Z OGRANICZONĄ ODPOWIEDZIALNOŚCIĄ";"Euro-Trade Sp. z o.o. Sp. k.";"ul. Łokietka 155, 31-263 Kraków, Polska";"biuro@euro-trade.pl";"";1
"Bestawy";"Bestway Inflatables & Material Corp.";"2/F Commerical Bank Tower, No.1, Futian District, Shenzhen, China";"info@bestway-corp.com";"+86 755 8303 0160";1
"Luksja";"Sarantis Polska S.A.";"";"kontakt@sarantis.pl";"+48 22 535 02 00";1
"OP";"PBS Connect Polska Sp. z o.o.";"ul. Kolejowa 54B, 01-210 Warszawa, Polska";"biuro@pbs-connect.pl";"+48 22 632 33 11";1
"Anma";"Anma Sp. z o.o.";"ul. Kilińskiego 162, 93-117 Łódź, Polska";"biuro@anma.pl";"";1
"Sorento";"Grand Sp. j.";"ul. Elbląska 15/17, 01-747 Warszawa, Polska";"biuro@grand.com.pl";"+48 22 633 31 33";1
"IKS";"IKS Sp. j.";"ul. Polna 14, 05-800 Pruszków, Polska";"biuro@iks.pl";"";1
"Fister";"Fister Sp. z o.o.";"ul. Poznańska 58, 74-100 Gryfino, Polska";"biuro@fister.pl";"";1
"Speelgoedland";"";"";"";"";1
"Madrid Papel";"";"";"";"";1
"adidas";"Adidas Poland Sp. z o.o.";"ul. Żwirki i Wigury 18A, 02-092 Warszawa, Polska";"service-pl@adidas.com";"";1
"BIG";"Simba Toys GmbH & Co. KG";"Werkstraße 1, 90765 Fürth, Deutschland";"info@simba-dickie-group.de";"+49 911 9765 01";1
"Stella Pack SA";"Stella Pack S.A.";"ul. Krańcowa 67, 21-100 Lubartów, Polska";"stella@stella.com.pl";"";1
"Triplex";"Triplex Sp. z o.o.";"ul. Sadowa 18, 51-180 Wrocław, Polska";"biuro@triplex.pl";"";1
"3Z ZIELIŃSKI ŻELEWSKI SPÓŁKA KOMANDYTOWA";"";"";"";"";1
"ODDK.  VISUAL SYSTEM. JERZY MARCINEK";"ODDK Visual System Jerzy Marcinek";"ul. Heila 2, 80-299 Gdańsk, Polska";"biuro@visualsystem.pl";"";1
"Snoby";"Smoby Toys SAS";"Zone Industrielle, 39220 Les Rousses, France";"contact@smoby.com";"+33 3 84 60 35 35";1
"Edding";"edding AG";"Bookkoppel 7, 22926 Ahrensburg, Deutschland";"info@edding.de";"+49 4102 808 0";1
"Rosa";"Phoenix Art Sp. z o.o.";"ul. Gdyńska 25, 80-209 Tuchom, Polska";"biuro@phoenix-art.pl";"";1
"CLEMENTONI POLSKA SP. Z O.O.";"Clementoni S.p.A.";"Zona Ind.le Fontenoce, 62019 Recanati (MC), Italia";"info@clementoni.com";"+39 071 75 811";1
"Sarantis";"Godan S.A.";"ul. Kopernika 38, 05-120 Legionowo, Polska";"biuro@godan.pl";"+48 22 774 11 11";1
"Velvet";"Velvet CARE Sp. z o.o.";"Klucze-Osada 3, 32-310 Klucze, Polska";"biuro@velvetcare.com";"";1
"Sun";"Sun-Day Sp. z o.o.";"Warszawa, Polska";"";"";1
"Dalpo";"Dalpo Sp. z o.o.";"ul. Józefa Hallera 9, 62-020 Swarzędz, Polska";"info@dalpo.pl";"";1
