count;name
559;Trefl
529;Astra
368;Interdruk
325;bez marki
299;Madej
281;Koh-I-Noor
267;Galeria Papieru
246;GDD
237;HAMELIN POLSKA SP. Z O.O.
231;Vau-Pe
223;Kidea
222;Oxford
207;Happy Color
205;ARGO
191;POL-MAK SP. Z O.O.
161;Lisciani
161;Askato
160;Simba
160;Stabilo
145;Tetis
137;Dalprint
134;Parker
134;Starpak
132;TOP-2000
124;KOH-I-NOOR HARDTMUTH POLSKA SP.ZO.O.
116;Midex
116;MICHALCZYK I PROKOP SPÓŁKA Z O.O.
110;Titanum
109;Clementoni
105;Grand
97;ASTRA SPÓŁKA AKCYJNA
92;TREFL SPÓŁKA AKCYJNA
86;BIC
85;Bambino
85;Dromader
84;Milan
80;Cubic Fun
79;St. Majewski
79;Mega Creative
78;Beniamin
77;Michalczyk i Prokop
76;Donau
75;Euro-Trade
72;Dante
67;KW TRADE SP Z O.O.
63;BIC POLSKA SP. Z O.O
63;WPC
62;Cartamundi
61;Bantex
61;ALIGA - KATARZYNA I PAWEŁ GAŁĄZKA SPÓŁKA JAWNA
60;Rystor
60;Stnux
59;Zielona Sowa
58;KOSTAS GROUP SP.Z O.O.
57;BIURFOL SPÓŁKA Z OGRANICZONĄ ODPOWIEDZIALNOŚCIĄ
56;Pentel
56;TADEO TRADING SP. Z O.O.
52;Herlitz
52;ALIGA
51;Adamigo
50;Aliga
47;Office Products
46;Argo
45;LEGO
45;Bburago
44;Bestway
44;Party Deco
43;WYDAWNICTWO NIKO SP. Z O.O.
43;NEWELL POLAND SERVICES SP. Z O.O.
43;Keyroad
41;PILOT
41;Staedtler
41;VAUPE SP. Z O.O.
40;DpCraft
38;M&G
37;Faber-Castell
37;TIERRA GROUP Sp. z o.o. Sp. K
36;Hipo
36;Cartotecnica Rossi
36;GRUPA WYDAWNICZA MEDIA RODZINA SPÓŁKA Z O.O
34;MP POLAND SPÓŁKA Z OGRANICZONĄ ODPOWIEDZIALNOŚCIĄ
34;Pastello
34;Welly
33;Eagle
32;Kukuryku
32;ROZETTE SPÓŁKA Z OGRANICZONĄ ODPOWIEDZIALNOŚCIĄ
30;Maped
30;Abino
28;nieznany producent
27;Waterman
27;EUROPAPIER POLSKA SP.Z O.O.
27;Nadwyraz
26;Paper Mate
26;Derform
26;GoDan
25;Biurfol
25;CZAPSKA SPÓŁKA KOMANDYTOWA
24;Unipap
24;Granna
24;BamBam
23;Kamet
23;AVERY ZWECKFORM GMBH
23;Dickie Toys
23;Gimboo
22;WYDAWNICTWO "NIKO" S.C.KRZEMIONKA,SOBIERALSKI
21;Adar
20;STABILO POLSKA
20;HERLITZ PRZEŹMIEROWO
20;PBS CONNECT POLSKA SP. Z O.O.
19;Canson
18;Paso
18;Deef
18;Sun-Day
18;Lego
17;Sharpie
17;Toma
17;Back Up
17;Titanum Zenon Waniak Spółka Komandytowa
17;St. Majewski Spółka z.o.o
16;Penmate
16;Mondi
16;Bigo
16;MILAN POLSKA SP.Z.O.O.
16;Tres
16;FILA POLSKA SPÓŁKA
16;Fiorello
16;Alleblox
16;Bam Bam
16;Jada Toys
15;Strigo
15;Hamelin
15;Q-connect
14;KW Trade
14;Zenith
14;ALFA spółka cywilna Bogusław Pilawa, Robert Szydło
13;ST. MAJEWSKI SP. Z O. O.
13;Schleich
13;ASKATO SPÓŁKA Z O.O. SP. K.
13;Rozette
13;Antra
12;Kum
12;Rotring
12;XQ
12;Mattel
12;Monami
12;RYSTOR SPÓŁKA Z OGRANICZONĄ ODPOWIEDZIALNOŚCIĄ
12;MP
11;Fisher-Price
11;Basic
11;TULLO KATARZYNA ABRAMCZUK
11;CzuCzu
10;CDNORD
10;Quercetti
10;DELTA-GRAPHIX
10;Malimas
10;F.H.U. JU-PITER JACEK ŁUKASIAK
10;Ge.Ma.R.
10;GODAN S.A.
10;DIPLO
9;UNI
9;TRODAT SP.Z O.O.
9;TOMA SPÓŁKA Z OGRANICZONĄ ODPOWIEDZIALNOŚCIĄ
9;Jupiter
9;LESZKO
9;Procos
8;MC My Bubble
8;Munhwa
8;Clinex
8;inna
8;Trifox
7;Hasbro
7;Artyk
7;Elba
7;Spin Master
7;Koh-i-noor
7;POLIGRAF is
7;Centropen
7;Panta Plast
7;Berlingo
7;My Bubble
7;TM Toys
7;DERFORM SP. Z O.O.
7;Carioca
7;STNUX CHILIŃSKI I WSPÓLNICY SPÓŁKA JAWNA
7;Tullo
7;Smoby
7;Barbie
7;Bicycle
7;Fru blu
7;Flamingo Line
6;Cricco
6;LISCIANI GIOCHI
6;IQ
6;Mungyo
6;A&G KOPERTY
6;Z-Design
6;DONAU TECH
6;Avery
6;John
6;ToysInn
6;Axel
6;Newell
6;TRIFOX SPÓŁKA Z OGRANICZONĄ ODPOWIEDZIALNOŚCIĄ
6;ARTYK SP. Z O.O.
6;Nice Group
6;Inny producent
6;Marek
6;DARIUSZ ADAMIEC "ADAR" AGENCJA HANDLOWO-USŁUGOWA
6;KWADRATURA KOŁA EWA FRĄCKIEWICZ
5;Steffi
5;Emerson
5;Y-Plus
5;Kamaben
5;Toys
5;Wallner
5;Dong-A
5;Oval
5;CDC PL SPÓŁKA Z OGRANICZONĄ ODPOWIEDZIALNOŚCIĄ
5;Pozostałe
5;Memobe
5;Tuban
5;Majorette
5;Niko
5;Creatinio
5;inny
5;MARMAR
5;Eugeniusz Kamiński "KAMET"
5;Brother
5;Dymo
5;Flamingo
5;FIRMA PRODUKCYJNO HANDLOWA ZACHEM Tadeusz GŁOWALA
4;POL
4;Amos
4;MAR-BOR
4;Poligraf
4;CX DYSTRYBUCJA SP. Z O.O.
4;Energizer
4;Disney
4;Tymos
4;Drescher
4;Koma-Plast
4;Schneider
4;F.H.U.  JU-PITER ALICJA ŁUKASIAK
4;DAFFI SPÓŁKA Z OGRANICZONĄ ODPOWIEDZIALNOŚCIĄ
4;KRIS-TEAM
4;CUB
4;AstraBag
4;Brewis
4;NERF
4;ART AND PLAY
4;Jan Niezbędny
4;Panini
3;Anna Zaradna
3;Trodat
3;PIONIER
3;Vaupe
3;Hero
3;Tadeo Trading
3;Bi-Office
3;Noris
3;Piatnik
3;Enchantimals
3;Avery-Zweckform
3;PANTA-PLAST SP. Z O.O.
3;CARTAMUNDI CARDS POLAND SP. z O.O.
3;TRENDHAUS HANDELSGESELLSCHAFT MBH
3;L.O.L. Surprise
3;Cresco
3;Portal Games
3;DERFORM SP. J.       NIE PISAĆ
3;DROMADER
3;Mondo
3;MALIMAS
3;Jada
3;Stella
3;Goo Jit Zu
3;National Geographic
3;Forpus
3;Aurora
3;Asus
3;ŚWIAT SPINEK
3;Deli
3;Office
3;MK Trade
3;POSCA
3;inna (Inny)
3;Go Party
3;Grafix
3;Kanex
3;St.Right
3;KIEL-TECH  SP.Z.O.O
3;Konica minolta
2;Natalia
2;Heykka
2;ARTYK ŁÓDŹ
2;Esperanza
2;VelvetCARE
2;Artea
2;Faber-castell
2;Lancer
2;Maestro
2;AG
2;Bic Kids
2;MGA
2;Tierra
2;Elmer's
2;4F
2;Hot Wheels
2;3Z
2;Ico
2;Drobiazgarnia
2;Lacerta
2;Toor
2;Eichhorn
2;METEOR CEE POLAND S.A
2;NET S.C.
2;Pelikan
2;Inna|Evos
2;Fun&Joy
2;Michalczyk
2;Rexus
2;Play-Doh
2;1DEA.me
2;astra papiernicze
2;Wader
2;Rebel
2;Memoboards
2;inny|Top 2000
2;3M
2;Max Sport
2;MG Home
2;Pilsan
2;MSpa
2;GDD Grupa Dystrybucyjna Daccar
2;MAREK SP. Z O.O.
2;Majewski
2;HASBRO POLAND SP. Z O.O.
2;ASTRA Jacek T. Pazik
2;HDPE
2;MAT GROUP SPÓŁKA CYWILNA JACEK POŻARLIK I DOMINI
2;TOTAL OFFICE TRADING
2;BIGO
2;AMEX STATIONERY SP. Z O.O.
2;SPINMASTER
2;Art And Play
2;Simba Toys
1;360
1;inna|MALIMAS
1;grand
1;Doris
1;Epee
1;TETIS
1;Van Manen
1;Format
1;Mikro Trading
1;Craft
1;Yn-Teen
1;HC
1;AS
1;TM-TOYS SP. ZO.O.
1;Kraft
1;Świat Spinek
1;Visual System
1;Omeko
1;DISTRI SP.Z O.O.
1;iDesign
1;Meto
1;Merlando
1;Incood
1;BRANDED. ŚLIWIŃSKI SPÓŁKA KOMANDYTOWA
1;AMEET POLSKA
1;NC Koperty
1;Iwako
1;Silver
1;IQ Color
1;kukartka
1;Omega
1;Escuela
1;Centrum
1;Mona
1;Verte
1;Alexander
1;Polesie
1;Sferazabawek
1;INTERPEN SP. Z O.O.
1;Marie's
1;Dodo
1;Craft with Fun
1;PASSION CARDS
1;Lamps
1;Oficio
1;Daler Rowney
1;Creativ
1;IPICASSO SPÓŁKA Z OGRANICZONĄ ODPOWIEDZIALNOŚCIĄ
1;V Trade
1;ET
1;Marmis
1;Akuku
1;EDGARD
1;ootb
1;Sadpex  Daniel, Przemysław Ślipko Spółka Jawna
1;Avery zweckform
1;Kolori
1;Bard
1;Pukka Pad
1;Winsor & Newton
1;Titanium
1;KW
1;MP Colours
1;Shkolyaryk
1;Uni
1;Pollux
1;DERFORM SP. J.
1;Jokomisiada
1;DeltaGraphix
1;Steadtler
1;inna|DIPLO
1;ECOIFFIER
1;inny|Ideal Quality
1;Scooter
1;CurePink
1;ThinkFun
1;Amex
1;Colorino
1;Tesa
1;Creativo
1;Pixie Crew
1;U Wiktora
1;Abro
1;Creativ Company
1;Post-it
1;DAS
1;MiPro
1;M&C
1;Plast
1;Muse
1;Prism
1;VTech
1;M&Z
1;NORIMPEX
1;LEAN Toys
1;Lula Baby
1;A-R
1;Begris
1;Multi
1;OSUFI
1;Maxell
1;Gacek
1;Protos
1;Artix
1;Nobo Kids
1;Super Glue
1;Total
1;Sweet Colours
1;inny (Qumak-Sekom)
1;Moosee
1;Klocki
1;Astrino
1;PBS
1;Jumbo
1;3M Peltor
1;Dino
1;Huanger
1;Eurobatt
1;Moxy
1;Koh i noor
1;Paper-mate
1;Inna
1;WYDAWNICTWO "MD" MONIKA DUDA
1;Linex
1;AB
1;Kontext
1;Diabolo
1;Puma
1;QULKI
1;Tomdorix
1;Addo
1;Coil
1;Taurus
1;SquishySquishies
1;Little Tikes
1;Kreska
1;Trefl PAP
1;KUKURYKU Julia Pogorzelska
1;EURO-TRADE SPÓŁKA Z OGRANICZONĄ ODPOWIEDZIALNOŚCIĄ
1;Bestawy
1;Luksja
1;OP
1;Anma
1;Sorento
1;IKS
1;Fister
1;Speelgoedland
1;Madrid Papel
1;adidas
1;BIG
1;Stella Pack SA
1;Triplex
1;3Z ZIELIŃSKI ŻELEWSKI SPÓŁKA KOMANDYTOWA
1;ODDK.  VISUAL SYSTEM. JERZY MARCINEK
1;Snoby
1;Edding
1;Rosa
1;CLEMENTONI POLSKA SP. Z O.O.
1;Sarantis
1;Velvet
1;Sun
1;Dalpo