"Kategoria Mamezi";"Reguła mapowania";"Slug WBTrade";"Kategoria WBTrade (opis)";"Status"
"DOM I OGRÓD/Artykuły dla zwierząt/Dla kotów/Karmy/Mokra karma";"DOM I OGRÓD/Artykuły dla zwierząt";"artykuly-dla-zwierzat";"Zwierzęta (psy, koty, higiena, klatki, miski) → Ogród i Gospodarstwo > Artykuły dla zwierząt";"OK"
"DOM I OGRÓD/Artykuły dla zwierząt/Dla kotów/Karmy/Sucha karma";"DOM I OGRÓD/Artykuły dla zwierząt";"artykuly-dla-zwierzat";"Zwierzęta (psy, koty, higiena, klatki, miski) → Ogród i Gospodarstwo > Artykuły dla zwierząt";"OK"
"DOM I OGRÓD/Artykuły dla zwierząt/Dla kotów/Szelki, smycze, obroże";"DOM I OGRÓD/Artykuły dla zwierząt";"artykuly-dla-zwierzat";"Zwierzęta (psy, koty, higiena, klatki, miski) → Ogród i Gospodarstwo > Artykuły dla zwierząt";"OK"
"DOM I OGRÓD/Artykuły dla zwierząt/Dla psów/Karmy/Mokra karma";"DOM I OGRÓD/Artykuły dla zwierząt";"artykuly-dla-zwierzat";"Zwierzęta (psy, koty, higiena, klatki, miski) → Ogród i Gospodarstwo > Artykuły dla zwierząt";"OK"
"DOM I OGRÓD/Artykuły dla zwierząt/Dla psów/Karmy/Sucha karma";"DOM I OGRÓD/Artykuły dla zwierząt";"artykuly-dla-zwierzat";"Zwierzęta (psy, koty, higiena, klatki, miski) → Ogród i Gospodarstwo > Artykuły dla zwierząt";"OK"
"DOM I OGRÓD/Artykuły dla zwierząt/Dla psów/Obroże";"DOM I OGRÓD/Artykuły dla zwierząt";"artykuly-dla-zwierzat";"Zwierzęta (psy, koty, higiena, klatki, miski) → Ogród i Gospodarstwo > Artykuły dla zwierząt";"OK"
"DOM I OGRÓD/Artykuły dla zwierząt/Dla psów/Preparaty";"DOM I OGRÓD/Artykuły dla zwierząt";"artykuly-dla-zwierzat";"Zwierzęta (psy, koty, higiena, klatki, miski) → Ogród i Gospodarstwo > Artykuły dla zwierząt";"OK"
"DOM I OGRÓD/Artykuły dla zwierząt/Dla psów/Smakołyki";"DOM I OGRÓD/Artykuły dla zwierząt";"artykuly-dla-zwierzat";"Zwierzęta (psy, koty, higiena, klatki, miski) → Ogród i Gospodarstwo > Artykuły dla zwierząt";"OK"
"DOM I OGRÓD/Artykuły dla zwierząt/Dla psów/Zabawki";"DOM I OGRÓD/Artykuły dla zwierząt";"artykuly-dla-zwierzat";"Zwierzęta (psy, koty, higiena, klatki, miski) → Ogród i Gospodarstwo > Artykuły dla zwierząt";"OK"
"DOM I OGRÓD/Artykuły dla zwierząt/Higiena";"DOM I OGRÓD/Artykuły dla zwierząt";"artykuly-dla-zwierzat";"Zwierzęta (psy, koty, higiena, klatki, miski) → Ogród i Gospodarstwo > Artykuły dla zwierząt";"OK"
"DOM I OGRÓD/Artykuły dla zwierząt/Klatki i kojce";"DOM I OGRÓD/Artykuły dla zwierząt";"artykuly-dla-zwierzat";"Zwierzęta (psy, koty, higiena, klatki, miski) → Ogród i Gospodarstwo > Artykuły dla zwierząt";"OK"
"DOM I OGRÓD/Artykuły dla zwierząt/Miski";"DOM I OGRÓD/Artykuły dla zwierząt";"artykuly-dla-zwierzat";"Zwierzęta (psy, koty, higiena, klatki, miski) → Ogród i Gospodarstwo > Artykuły dla zwierząt";"OK"
"DOM I OGRÓD/Budownictwo i Akcesoria/Taśmy montażowe";"DOM I OGRÓD/Budownictwo i Akcesoria";"akcesoria-1";"Taśmy montażowe → Narzędzia > Akcesoria";"OK"
"DOM I OGRÓD/Meble/Wieszaki";"DOM I OGRÓD/Meble/Wieszaki";"wyposazenie-i-akcesoria";"Wieszaki → Dom > Wyposażenie i akcesoria";"OK"
"DOM I OGRÓD/Narzędzia ogrodnicze/Nożyce i sekatory";"DOM I OGRÓD/Narzędzia ogrodnicze";"ogrod-i-narzedzia-ogrodowe";"Nożyce, sekatory → Ogród i Gospodarstwo > Ogród i narzędzia ogrodowe";"OK"
"DOM I OGRÓD/Narzędzia/Palniki gazowe";"DOM I OGRÓD/Narzędzia/Palniki gazowe";"narzedzia-reczne";"Palniki gazowe → Narzędzia > Narzędzia ręczne";"OK"
"DOM I OGRÓD/Odzież/Body";"DOM I OGRÓD/Odzież/Body";"przybory-i-akcesoria";"Body dziecięce → Dla dziecka > Przybory i akcesoria";"OK"
"DOM I OGRÓD/Odzież/Czapki";"DOM I OGRÓD/Odzież/Czapki";"przybory-i-akcesoria";"Czapki dziecięce → Dla dziecka > Przybory i akcesoria";"OK"
"DOM I OGRÓD/Odzież/Legginsy";"DOM I OGRÓD/Odzież/Legginsy";"przybory-i-akcesoria";"Legginsy → Dla dziecka > Przybory i akcesoria";"OK"
"DOM I OGRÓD/Odzież/Przebrania, kostiumy, maski";"DOM I OGRÓD/Odzież/Przebrania, kostiumy, maski";"przebrania";"Przebrania, kostiumy → Dla dziecka > Przebrania";"OK"
"DOM I OGRÓD/Odzież/Sukienki";"DOM I OGRÓD/Odzież/Sukienki";"przybory-i-akcesoria";"Sukienki → Dla dziecka > Przybory i akcesoria";"OK"
"DOM I OGRÓD/Odzież/Swetry";"DOM I OGRÓD/Odzież/Swetry";"przybory-i-akcesoria";"Swetry → Dla dziecka > Przybory i akcesoria";"OK"
"DOM I OGRÓD/Odzież/T-shirty";"DOM I OGRÓD/Odzież/T-shirty";"przybory-i-akcesoria";"T-shirty → Dla dziecka > Przybory i akcesoria";"OK"
"DOM I OGRÓD/Ogród/Domki";"DOM I OGRÓD/Ogród/Domki";"ogrod-i-narzedzia-ogrodowe";"Domki ogrodowe → Ogród i Gospodarstwo > Ogród i narzędzia ogrodowe";"OK"
"DOM I OGRÓD/Ogród/Grillowanie/Dmuchawy do grilla";"DOM I OGRÓD/Ogród/Grillowanie";"ogrod-i-narzedzia-ogrodowe";"Grillowanie (grille, dmuchawy, pokrowce) → Ogród i Gospodarstwo > Ogród i narzędzia ogrodowe";"OK"
"DOM I OGRÓD/Ogród/Grillowanie/Grille węglowe";"DOM I OGRÓD/Ogród/Grillowanie";"ogrod-i-narzedzia-ogrodowe";"Grillowanie (grille, dmuchawy, pokrowce) → Ogród i Gospodarstwo > Ogród i narzędzia ogrodowe";"OK"
"DOM I OGRÓD/Ogród/Grillowanie/Pokrowce na grilla";"DOM I OGRÓD/Ogród/Grillowanie";"ogrod-i-narzedzia-ogrodowe";"Grillowanie (grille, dmuchawy, pokrowce) → Ogród i Gospodarstwo > Ogród i narzędzia ogrodowe";"OK"
"DOM I OGRÓD/Ogród/Nawozy i preparaty/Nawozy";"DOM I OGRÓD/Ogród/Nawozy i preparaty";"ogrod-i-narzedzia-ogrodowe";"Nawozy, środki ochrony roślin → Ogród i Gospodarstwo > Ogród i narzędzia ogrodowe";"OK"
"DOM I OGRÓD/Ogród/Nawozy i preparaty/Środki ochrony roślin";"DOM I OGRÓD/Ogród/Nawozy i preparaty";"ogrod-i-narzedzia-ogrodowe";"Nawozy, środki ochrony roślin → Ogród i Gospodarstwo > Ogród i narzędzia ogrodowe";"OK"
"DOM I OGRÓD/Ogród/Odstraszacze owadów";"DOM I OGRÓD/Ogród/Odstraszacze owadów";"ogrod-i-narzedzia-ogrodowe";"Odstraszacze owadów → Ogród i Gospodarstwo > Ogród i narzędzia ogrodowe";"OK"
"DOM I OGRÓD/Ogród/Odstraszacze zwierząt";"DOM I OGRÓD/Ogród/Odstraszacze zwierząt";"ogrod-i-narzedzia-ogrodowe";"Odstraszacze zwierząt → Ogród i Gospodarstwo > Ogród i narzędzia ogrodowe";"OK"
"DOM I OGRÓD/Ogród/Szamba i oczyszczalnie/Preparaty do szamb";"DOM I OGRÓD/Ogród/Szamba i oczyszczalnie";"pojemniki-i-zbiorniki-gospodarcze-bl-2966384";"Preparaty do szamb → Ogród i Gospodarstwo > Pojemniki i zbiorniki gospodarcze";"OK"
"DOM I OGRÓD/Wyposażenie/Deski do prasowania";"DOM I OGRÓD/Wyposażenie/Deski do prasowania";"wyposazenie-i-akcesoria";"Deski do prasowania → Dom > Wyposażenie i akcesoria";"OK"
"DOM I OGRÓD/Wyposażenie/Ozdoby świąteczne i okolicznościowe/Boże Narodzenie/Choinki";"DOM I OGRÓD/Wyposażenie/Ozdoby świąteczne i okolicznościowe";"wyposazenie-i-akcesoria";"Ozdoby świąteczne (choinki, znicze) → Dom > Wyposażenie i akcesoria";"OK"
"DOM I OGRÓD/Wyposażenie/Ozdoby świąteczne i okolicznościowe/Wszystkich Świętych/Wkłady do zniczy";"DOM I OGRÓD/Wyposażenie/Ozdoby świąteczne i okolicznościowe";"wyposazenie-i-akcesoria";"Ozdoby świąteczne (choinki, znicze) → Dom > Wyposażenie i akcesoria";"OK"
"DOM I OGRÓD/Wyposażenie/Ozdoby świąteczne i okolicznościowe/Wszystkich Świętych/Znicze";"DOM I OGRÓD/Wyposażenie/Ozdoby świąteczne i okolicznościowe";"wyposazenie-i-akcesoria";"Ozdoby świąteczne (choinki, znicze) → Dom > Wyposażenie i akcesoria";"OK"
"DOM I OGRÓD/Wyposażenie/Przybory kuchenne/Spryskiwacze";"DOM I OGRÓD/Wyposażenie/Przybory kuchenne";"kuchnia";"Przybory kuchenne (spryskiwacze) → Dom > Kuchnia";"OK"
"DOM I OGRÓD/Wyposażenie/Suszarki na ubrania";"DOM I OGRÓD/Wyposażenie/Suszarki na ubrania";"wyposazenie-i-akcesoria";"Suszarki na ubrania → Dom > Wyposażenie i akcesoria";"OK"
"DOM I OGRÓD/Wyposażenie/Świece";"DOM I OGRÓD/Wyposażenie/Świece";"wyposazenie-i-akcesoria";"Świece → Dom > Wyposażenie i akcesoria";"OK"
"ELEKTRONIKA/Drony";"ELEKTRONIKA/Drony";"akcesoria-gsm";"Drony → Elektronika i GSM > Akcesoria GSM";"OK"
"ELEKTRONIKA/Komputery/Dyski i pamięci przenośne/Pamięci przenośne/Pendrive";"ELEKTRONIKA/Komputery/Dyski i pamięci przenośne";"komputery-i-akcesoria";"Pendrive'y, pamięci przenośne → Elektronika i GSM > Komputery i akcesoria";"OK"
"ELEKTRONIKA/Konsole i automaty";"ELEKTRONIKA/Konsole i automaty";"konsole-i-gry";"Konsole i automaty → Elektronika i GSM > Konsole i gry";"OK"
"ELEKTRONIKA/Ogrzewanie/Grzejniki elektryczne";"ELEKTRONIKA/Ogrzewanie/Grzejniki elektryczne";"energia-i-ogrzewanie";"Grzejniki elektryczne → Dom > Energia i ogrzewanie";"OK"
"ELEKTRONIKA/Ogrzewanie/Grzejniki olejowe";"ELEKTRONIKA/Ogrzewanie/Grzejniki olejowe";"energia-i-ogrzewanie";"Grzejniki olejowe → Dom > Energia i ogrzewanie";"OK"
"ELEKTRONIKA/Ogrzewanie/Nagrzewnice";"ELEKTRONIKA/Ogrzewanie/Nagrzewnice";"energia-i-ogrzewanie";"Nagrzewnice → Dom > Energia i ogrzewanie";"OK"
"ELEKTRONIKA/Ogrzewanie/Termowentylatory";"ELEKTRONIKA/Ogrzewanie/Termowentylatory";"energia-i-ogrzewanie";"Termowentylatory → Dom > Energia i ogrzewanie";"OK"
"ELEKTRONIKA/RTV i AGD/AGD/Czajniki elektryczne";"ELEKTRONIKA/RTV i AGD/AGD/Czajniki elektryczne";"sprzet-agd";"Czajniki elektryczne → Dom > Sprzęt AGD";"OK"
"ELEKTRONIKA/RTV i AGD/AGD/Gofrownice";"ELEKTRONIKA/RTV i AGD/AGD/Gofrownice";"sprzet-agd";"Gofrownice → Dom > Sprzęt AGD";"OK"
"ELEKTRONIKA/RTV i AGD/AGD/Golarki do ubrań";"ELEKTRONIKA/RTV i AGD/AGD/Golarki do ubrań";"sprzet-agd";"Golarki do ubrań → Dom > Sprzęt AGD";"OK"
"ELEKTRONIKA/RTV i AGD/AGD/Grille elektryczne";"ELEKTRONIKA/RTV i AGD/AGD/Grille elektryczne";"sprzet-agd";"Grille elektryczne → Dom > Sprzęt AGD";"OK"
"ELEKTRONIKA/RTV i AGD/AGD/Lodówki";"ELEKTRONIKA/RTV i AGD/AGD/Lodówki";"sprzet-agd";"Lodówki → Dom > Sprzęt AGD";"OK"
"ELEKTRONIKA/RTV i AGD/AGD/Miksery ręczne";"ELEKTRONIKA/RTV i AGD/AGD/Miksery ręczne";"sprzet-agd";"Miksery ręczne → Dom > Sprzęt AGD";"OK"
"ELEKTRONIKA/RTV i AGD/AGD/Nawilżacze";"ELEKTRONIKA/RTV i AGD/AGD/Nawilżacze";"sprzet-agd";"Nawilżacze → Dom > Sprzęt AGD";"OK"
"ELEKTRONIKA/RTV i AGD/AGD/Opiekacze";"ELEKTRONIKA/RTV i AGD/AGD/Opiekacze";"sprzet-agd";"Opiekacze → Dom > Sprzęt AGD";"OK"
"ELEKTRONIKA/RTV i AGD/AGD/Prostownice i karbownice";"ELEKTRONIKA/RTV i AGD/AGD/Prostownice i karbownice";"grooming";"Prostownice, karbownice → Zdrowie i Uroda > Grooming";"OK"
"ELEKTRONIKA/RTV i AGD/AGD/Spieniacze do mleka";"ELEKTRONIKA/RTV i AGD/AGD/Spieniacze do mleka";"sprzet-agd";"Spieniacze do mleka → Dom > Sprzęt AGD";"OK"
"ELEKTRONIKA/RTV i AGD/AGD/Suszarki do włosów";"ELEKTRONIKA/RTV i AGD/AGD/Suszarki do włosów";"grooming";"Suszarki do włosów → Zdrowie i Uroda > Grooming";"OK"
"ELEKTRONIKA/RTV i AGD/AGD/Urządzenia do popcornu";"ELEKTRONIKA/RTV i AGD/AGD/Urządzenia do popcornu";"sprzet-agd";"Urządzenia do popcornu → Dom > Sprzęt AGD";"OK"
"ELEKTRONIKA/RTV i AGD/AGD/Wagi kuchenne";"ELEKTRONIKA/RTV i AGD/AGD/Wagi kuchenne";"wagi-kuchenne";"Wagi kuchenne → Wagi > Wagi kuchenne";"OK"
"ELEKTRONIKA/RTV i AGD/AGD/Wagi łazienkowe";"ELEKTRONIKA/RTV i AGD/AGD/Wagi łazienkowe";"wagi-kuchenne";"Wagi łazienkowe → Wagi > Wagi kuchenne (najbliższe dopasowanie)";"OK"
"ELEKTRONIKA/RTV i AGD/AGD/Zaparzacze i kawiarki";"ELEKTRONIKA/RTV i AGD/AGD/Zaparzacze i kawiarki";"sprzet-agd";"Zaparzacze i kawiarki → Dom > Sprzęt AGD";"OK"
"ELEKTRONIKA/RTV i AGD/AGD/Żelazka";"ELEKTRONIKA/RTV i AGD/AGD/Żelazka";"sprzet-agd";"Żelazka → Dom > Sprzęt AGD";"OK"
"ELEKTRONIKA/RTV i AGD/Części i akcesoria/Filtry i wkłady";"ELEKTRONIKA/RTV i AGD/Części i akcesoria";"sprzet-agd";"Filtry i wkłady do AGD → Dom > Sprzęt AGD";"OK"
"ELEKTRONIKA/RTV i AGD/Kuchenki przenośne";"ELEKTRONIKA/RTV i AGD/Kuchenki przenośne";"sprzet-agd";"Kuchenki przenośne → Dom > Sprzęt AGD";"OK"
"ELEKTRONIKA/RTV i AGD/Nabijarki do papierosów";"ELEKTRONIKA/RTV i AGD/Nabijarki do papierosów";"gadzety";"Nabijarki do papierosów → Dom > Gadżety";"OK"
"ELEKTRONIKA/RTV i AGD/Słuchawki/Bezprzewodowe";"ELEKTRONIKA/RTV i AGD/Słuchawki";"audio-sluchawki-i-glosniki";"Słuchawki bezprzewodowe → Elektronika i GSM > Audio (słuchawki i głośniki)";"OK"
"ELEKTRONIKA/RTV i AGD/Taśmy izolacyjne";"ELEKTRONIKA/RTV i AGD/Taśmy izolacyjne";"akcesoria-1";"Taśmy izolacyjne → Narzędzia > Akcesoria";"OK"
"ELEKTRONIKA/Telefony i Akcesoria/Akcesoria GSM/Etui i pokrowce";"ELEKTRONIKA/Telefony i Akcesoria/Akcesoria GSM/Etui i pokrowce";"na-telefon";"Etui i pokrowce → Etui i pokrowce > Na telefon";"OK"
"ELEKTRONIKA/Telefony i Akcesoria/Akcesoria GSM/Folie i szkła ochronne";"ELEKTRONIKA/Telefony i Akcesoria/Akcesoria GSM/Folie i szkła ochronne";"do-telefonow";"Folie i szkła ochronne → Szkła i folie ochronne > Do telefonów";"OK"
"ELEKTRONIKA/Telefony i Akcesoria/Akcesoria GSM/Ładowarki";"ELEKTRONIKA/Telefony i Akcesoria/Akcesoria GSM/Ładowarki";"zasilacze-i-ladowarki";"Ładowarki → Ładowanie i zasilanie > Zasilacze i ładowarki";"OK"
"ELEKTRONIKA/Telefony i Akcesoria/Karty pamięci";"ELEKTRONIKA/Telefony i Akcesoria/Karty pamięci";"komputery-i-akcesoria";"Karty pamięci → Elektronika i GSM > Komputery i akcesoria";"OK"
"FIRMA I BIURO/Artykuły BHP/Apteczki";"FIRMA I BIURO/Artykuły BHP";"akcesoria-1";"BHP (apteczki, odzież robocza, rękawice, okulary) → Narzędzia > Akcesoria";"OK"
"FIRMA I BIURO/Artykuły BHP/Obuwie robocze";"FIRMA I BIURO/Artykuły BHP";"akcesoria-1";"BHP (apteczki, odzież robocza, rękawice, okulary) → Narzędzia > Akcesoria";"OK"
"FIRMA I BIURO/Artykuły BHP/Ochronniki słuchu";"FIRMA I BIURO/Artykuły BHP";"akcesoria-1";"BHP (apteczki, odzież robocza, rękawice, okulary) → Narzędzia > Akcesoria";"OK"
"FIRMA I BIURO/Artykuły BHP/Odzież robocza/Bluzy i koszule";"FIRMA I BIURO/Artykuły BHP";"akcesoria-1";"BHP (apteczki, odzież robocza, rękawice, okulary) → Narzędzia > Akcesoria";"OK"
"FIRMA I BIURO/Artykuły BHP/Odzież robocza/Czapki";"FIRMA I BIURO/Artykuły BHP";"akcesoria-1";"BHP (apteczki, odzież robocza, rękawice, okulary) → Narzędzia > Akcesoria";"OK"
"FIRMA I BIURO/Artykuły BHP/Odzież robocza/Kamizelki";"FIRMA I BIURO/Artykuły BHP";"akcesoria-1";"BHP (apteczki, odzież robocza, rękawice, okulary) → Narzędzia > Akcesoria";"OK"
"FIRMA I BIURO/Artykuły BHP/Odzież robocza/Spodnie";"FIRMA I BIURO/Artykuły BHP";"akcesoria-1";"BHP (apteczki, odzież robocza, rękawice, okulary) → Narzędzia > Akcesoria";"OK"
"FIRMA I BIURO/Artykuły BHP/Odzież robocza/T-shirty";"FIRMA I BIURO/Artykuły BHP";"akcesoria-1";"BHP (apteczki, odzież robocza, rękawice, okulary) → Narzędzia > Akcesoria";"OK"
"FIRMA I BIURO/Artykuły BHP/Okulary i gogle";"FIRMA I BIURO/Artykuły BHP";"akcesoria-1";"BHP (apteczki, odzież robocza, rękawice, okulary) → Narzędzia > Akcesoria";"OK"
"FIRMA I BIURO/Artykuły BHP/Osłona twarzy";"FIRMA I BIURO/Artykuły BHP";"akcesoria-1";"BHP (apteczki, odzież robocza, rękawice, okulary) → Narzędzia > Akcesoria";"OK"
"FIRMA I BIURO/Artykuły BHP/Rękawice Robocze";"FIRMA I BIURO/Artykuły BHP";"akcesoria-1";"BHP (apteczki, odzież robocza, rękawice, okulary) → Narzędzia > Akcesoria";"OK"
"FIRMA I BIURO/Artykuły BHP/Rękawiczki jednorazowe";"FIRMA I BIURO/Artykuły BHP";"akcesoria-1";"BHP (apteczki, odzież robocza, rękawice, okulary) → Narzędzia > Akcesoria";"OK"
"FIRMA I BIURO/Biuro/Akcesoria biurowe/Długopisy";"FIRMA I BIURO/Biuro/Akcesoria biurowe";"artykuly-szkolne-i-papiernicze";"Długopisy, segregatory, zszywacze → Dla dziecka > Artykuły szkolne i papiernicze";"OK"
"FIRMA I BIURO/Biuro/Akcesoria biurowe/Przyborniki";"FIRMA I BIURO/Biuro/Akcesoria biurowe";"artykuly-szkolne-i-papiernicze";"Długopisy, segregatory, zszywacze → Dla dziecka > Artykuły szkolne i papiernicze";"OK"
"FIRMA I BIURO/Biuro/Akcesoria biurowe/Segregatory";"FIRMA I BIURO/Biuro/Akcesoria biurowe";"artykuly-szkolne-i-papiernicze";"Długopisy, segregatory, zszywacze → Dla dziecka > Artykuły szkolne i papiernicze";"OK"
"FIRMA I BIURO/Biuro/Akcesoria biurowe/Zszywacze i rozszywacze";"FIRMA I BIURO/Biuro/Akcesoria biurowe";"artykuly-szkolne-i-papiernicze";"Długopisy, segregatory, zszywacze → Dla dziecka > Artykuły szkolne i papiernicze";"OK"
"FIRMA I BIURO/Biuro/Bloki";"FIRMA I BIURO/Biuro/Bloki";"artykuly-szkolne-i-papiernicze";"Bloki biurowe → Dla dziecka > Artykuły szkolne i papiernicze";"OK"
"FIRMA I BIURO/Biuro/Druki";"FIRMA I BIURO/Biuro/Druki";"artykuly-szkolne-i-papiernicze";"Druki → Dla dziecka > Artykuły szkolne i papiernicze";"OK"
"FIRMA I BIURO/Biuro/Koszulki i obwoluty";"FIRMA I BIURO/Biuro/Koszulki i obwoluty";"artykuly-szkolne-i-papiernicze";"Koszulki i obwoluty → Dla dziecka > Artykuły szkolne i papiernicze";"OK"
"FIRMA I BIURO/Biuro/Meble biurowe/Akcesoria/Maty ochronne";"FIRMA I BIURO/Biuro/Meble biurowe/Akcesoria";"wyposazenie-i-akcesoria";"Maty ochronne pod krzesła → Dom > Wyposażenie i akcesoria";"OK"
"FIRMA I BIURO/Biuro/Meble biurowe/Fotele";"FIRMA I BIURO/Biuro/Meble biurowe/Fotele";"wyposazenie-lokali";"Fotele biurowe → Gastronomia > Wyposażenie lokali";"OK"
"FIRMA I BIURO/Biuro/Meble biurowe/Krzesła";"FIRMA I BIURO/Biuro/Meble biurowe/Krzesła";"wyposazenie-lokali";"Krzesła biurowe → Gastronomia > Wyposażenie lokali";"OK"
"FIRMA I BIURO/Biuro/Meble biurowe/Sejfy i kasy pancerne";"FIRMA I BIURO/Biuro/Meble biurowe/Sejfy i kasy pancerne";"zabezpieczenia";"Sejfy → Dom > Zabezpieczenia";"OK"
"FIRMA I BIURO/Biuro/Papier";"FIRMA I BIURO/Biuro/Papier";"artykuly-szkolne-i-papiernicze";"Papier biurowy → Dla dziecka > Artykuły szkolne i papiernicze";"OK"
"FIRMA I BIURO/Biuro/Sprzęt biurowy";"FIRMA I BIURO/Biuro/Sprzęt biurowy";"artykuly-szkolne-i-papiernicze";"Sprzęt biurowy → Dla dziecka > Artykuły szkolne i papiernicze";"OK"
"FIRMA I BIURO/Biuro/Teczki";"FIRMA I BIURO/Biuro/Teczki";"artykuly-szkolne-i-papiernicze";"Teczki → Dla dziecka > Artykuły szkolne i papiernicze";"OK"
"FIRMA I BIURO/Materiały i akcesoria/Akcesoria do kas i drukarek/Rolki i taśmy kasowe";"FIRMA I BIURO/Materiały i akcesoria/Akcesoria do kas i drukarek";"komputery-i-akcesoria";"Rolki kasowe, taśmy kasowe → Elektronika i GSM > Komputery i akcesoria";"OK"
"FIRMA I BIURO/Materiały i akcesoria/Akcesoria kuchenne";"FIRMA I BIURO/Materiały i akcesoria/Akcesoria kuchenne";"kuchnia";"Akcesoria kuchenne → Dom > Kuchnia";"OK"
"FIRMA I BIURO/Materiały i akcesoria/Kleje";"FIRMA I BIURO/Materiały i akcesoria/Kleje";"akcesoria-1";"Kleje → Narzędzia > Akcesoria";"OK"
"FIRMA I BIURO/Materiały i akcesoria/Przyrządy pomiarowe";"FIRMA I BIURO/Materiały i akcesoria/Przyrządy pomiarowe";"narzedzia-reczne";"Przyrządy pomiarowe → Narzędzia > Narzędzia ręczne";"OK"
"FIRMA I BIURO/OUTLET";"FIRMA I BIURO/OUTLET";"outlet";"Outlet → Outlet";"OK"
"FIRMA I BIURO/Pakowanie i wysyłka/Etykiety samoprzylepne";"FIRMA I BIURO/Pakowanie i wysyłka";"pojemniki-i-zbiorniki-gospodarcze-bl-2966384";"Kartony, koperty, folie, taśmy pakowe → Ogród i Gospodarstwo > Pojemniki i zbiorniki gospodarcze";"OK"
"FIRMA I BIURO/Pakowanie i wysyłka/Folia Stretch";"FIRMA I BIURO/Pakowanie i wysyłka";"pojemniki-i-zbiorniki-gospodarcze-bl-2966384";"Kartony, koperty, folie, taśmy pakowe → Ogród i Gospodarstwo > Pojemniki i zbiorniki gospodarcze";"OK"
"FIRMA I BIURO/Pakowanie i wysyłka/Foliopaki";"FIRMA I BIURO/Pakowanie i wysyłka";"pojemniki-i-zbiorniki-gospodarcze-bl-2966384";"Kartony, koperty, folie, taśmy pakowe → Ogród i Gospodarstwo > Pojemniki i zbiorniki gospodarcze";"OK"
"FIRMA I BIURO/Pakowanie i wysyłka/Kartony";"FIRMA I BIURO/Pakowanie i wysyłka";"pojemniki-i-zbiorniki-gospodarcze-bl-2966384";"Kartony, koperty, folie, taśmy pakowe → Ogród i Gospodarstwo > Pojemniki i zbiorniki gospodarcze";"OK"
"FIRMA I BIURO/Pakowanie i wysyłka/Koperty";"FIRMA I BIURO/Pakowanie i wysyłka";"pojemniki-i-zbiorniki-gospodarcze-bl-2966384";"Kartony, koperty, folie, taśmy pakowe → Ogród i Gospodarstwo > Pojemniki i zbiorniki gospodarcze";"OK"
"FIRMA I BIURO/Pakowanie i wysyłka/Taśmy pakowe";"FIRMA I BIURO/Pakowanie i wysyłka";"pojemniki-i-zbiorniki-gospodarcze-bl-2966384";"Kartony, koperty, folie, taśmy pakowe → Ogród i Gospodarstwo > Pojemniki i zbiorniki gospodarcze";"OK"
"FIRMA I BIURO/Pakowanie i wysyłka/Woreczki i torby foliowe";"FIRMA I BIURO/Pakowanie i wysyłka";"pojemniki-i-zbiorniki-gospodarcze-bl-2966384";"Kartony, koperty, folie, taśmy pakowe → Ogród i Gospodarstwo > Pojemniki i zbiorniki gospodarcze";"OK"
"FIRMA I BIURO/Utrzymanie czystości/Chemia gospodarcza/Mydła";"FIRMA I BIURO/Utrzymanie czystości/Chemia gospodarcza/Mydła";"higiena-i-utrzymanie-czystosci";"Mydła → Gastronomia > Higiena i utrzymanie czystości";"OK"
"FIRMA I BIURO/Utrzymanie czystości/Chemia gospodarcza/Odświeżacze powietrza";"FIRMA I BIURO/Utrzymanie czystości/Chemia gospodarcza/Odświeżacze powietrza";"higiena-i-utrzymanie-czystosci";"Odświeżacze powietrza → Gastronomia > Higiena i utrzymanie czystości";"OK"
"FIRMA I BIURO/Utrzymanie czystości/Chemia gospodarcza/Środki czyszczące";"FIRMA I BIURO/Utrzymanie czystości/Chemia gospodarcza/Środki czyszczące";"higiena-i-utrzymanie-czystosci";"Środki czyszczące → Gastronomia > Higiena i utrzymanie czystości";"OK"
"FIRMA I BIURO/Utrzymanie czystości/Chemia gospodarcza/Środki do prania/Czyszczenie pralki";"FIRMA I BIURO/Utrzymanie czystości/Chemia gospodarcza/Środki do prania";"higiena-i-utrzymanie-czystosci";"Środki do prania (kapsułki, proszki, płyny, odplamiacze) → Gastronomia > Higiena i utrzymanie czystości";"OK"
"FIRMA I BIURO/Utrzymanie czystości/Chemia gospodarcza/Środki do prania/Kapsułki i tabletki do prania";"FIRMA I BIURO/Utrzymanie czystości/Chemia gospodarcza/Środki do prania";"higiena-i-utrzymanie-czystosci";"Środki do prania (kapsułki, proszki, płyny, odplamiacze) → Gastronomia > Higiena i utrzymanie czystości";"OK"
"FIRMA I BIURO/Utrzymanie czystości/Chemia gospodarcza/Środki do prania/Odplamiacze";"FIRMA I BIURO/Utrzymanie czystości/Chemia gospodarcza/Środki do prania";"higiena-i-utrzymanie-czystosci";"Środki do prania (kapsułki, proszki, płyny, odplamiacze) → Gastronomia > Higiena i utrzymanie czystości";"OK"
"FIRMA I BIURO/Utrzymanie czystości/Chemia gospodarcza/Środki do prania/Perełki zapachowe";"FIRMA I BIURO/Utrzymanie czystości/Chemia gospodarcza/Środki do prania";"higiena-i-utrzymanie-czystosci";"Środki do prania (kapsułki, proszki, płyny, odplamiacze) → Gastronomia > Higiena i utrzymanie czystości";"OK"
"FIRMA I BIURO/Utrzymanie czystości/Chemia gospodarcza/Środki do prania/Płyny Do Prania";"FIRMA I BIURO/Utrzymanie czystości/Chemia gospodarcza/Środki do prania";"higiena-i-utrzymanie-czystosci";"Środki do prania (kapsułki, proszki, płyny, odplamiacze) → Gastronomia > Higiena i utrzymanie czystości";"OK"
"FIRMA I BIURO/Utrzymanie czystości/Chemia gospodarcza/Środki do prania/Proszki do prania";"FIRMA I BIURO/Utrzymanie czystości/Chemia gospodarcza/Środki do prania";"higiena-i-utrzymanie-czystosci";"Środki do prania (kapsułki, proszki, płyny, odplamiacze) → Gastronomia > Higiena i utrzymanie czystości";"OK"
"FIRMA I BIURO/Utrzymanie czystości/Chemia gospodarcza/Środki do zmywania/Czyściki do zmywarki";"FIRMA I BIURO/Utrzymanie czystości/Chemia gospodarcza/Środki do zmywania";"higiena-i-utrzymanie-czystosci";"Środki do zmywarki (tabletki, sole, nabłyszczacze, płyny) → Gastronomia > Higiena i utrzymanie czystości";"OK"
"FIRMA I BIURO/Utrzymanie czystości/Chemia gospodarcza/Środki do zmywania/Nabłyszczacze do zmywarki";"FIRMA I BIURO/Utrzymanie czystości/Chemia gospodarcza/Środki do zmywania";"higiena-i-utrzymanie-czystosci";"Środki do zmywarki (tabletki, sole, nabłyszczacze, płyny) → Gastronomia > Higiena i utrzymanie czystości";"OK"
"FIRMA I BIURO/Utrzymanie czystości/Chemia gospodarcza/Środki do zmywania/Płyny do naczyń";"FIRMA I BIURO/Utrzymanie czystości/Chemia gospodarcza/Środki do zmywania";"higiena-i-utrzymanie-czystosci";"Środki do zmywarki (tabletki, sole, nabłyszczacze, płyny) → Gastronomia > Higiena i utrzymanie czystości";"OK"
"FIRMA I BIURO/Utrzymanie czystości/Chemia gospodarcza/Środki do zmywania/Sole do zmywarki";"FIRMA I BIURO/Utrzymanie czystości/Chemia gospodarcza/Środki do zmywania";"higiena-i-utrzymanie-czystosci";"Środki do zmywarki (tabletki, sole, nabłyszczacze, płyny) → Gastronomia > Higiena i utrzymanie czystości";"OK"
"FIRMA I BIURO/Utrzymanie czystości/Chemia gospodarcza/Środki do zmywania/Tabletki do zmywarki";"FIRMA I BIURO/Utrzymanie czystości/Chemia gospodarcza/Środki do zmywania";"higiena-i-utrzymanie-czystosci";"Środki do zmywarki (tabletki, sole, nabłyszczacze, płyny) → Gastronomia > Higiena i utrzymanie czystości";"OK"
"FIRMA I BIURO/Utrzymanie czystości/Chemia gospodarcza/Środki do zmywania/Zapachy do zmywarki";"FIRMA I BIURO/Utrzymanie czystości/Chemia gospodarcza/Środki do zmywania";"higiena-i-utrzymanie-czystosci";"Środki do zmywarki (tabletki, sole, nabłyszczacze, płyny) → Gastronomia > Higiena i utrzymanie czystości";"OK"
"FIRMA I BIURO/Utrzymanie czystości/Chemia gospodarcza/Środki do zmywania/Żele i proszki do zmywarki";"FIRMA I BIURO/Utrzymanie czystości/Chemia gospodarcza/Środki do zmywania";"higiena-i-utrzymanie-czystosci";"Środki do zmywarki (tabletki, sole, nabłyszczacze, płyny) → Gastronomia > Higiena i utrzymanie czystości";"OK"
"FIRMA I BIURO/Utrzymanie czystości/Chemia profesjonalna";"FIRMA I BIURO/Utrzymanie czystości/Chemia profesjonalna";"chemia-dla-gastronomii";"Chemia profesjonalna → Chemia profesjonalna > Chemia dla gastronomii";"OK"
"FIRMA I BIURO/Utrzymanie czystości/Chusteczki higieniczne";"FIRMA I BIURO/Utrzymanie czystości/Chusteczki higieniczne";"higiena-i-utrzymanie-czystosci";"Chusteczki higieniczne → Gastronomia > Higiena i utrzymanie czystości";"OK"
"FIRMA I BIURO/Utrzymanie czystości/Chusteczki nawilżane";"FIRMA I BIURO/Utrzymanie czystości/Chusteczki nawilżane";"higiena-i-utrzymanie-czystosci";"Chusteczki nawilżane → Gastronomia > Higiena i utrzymanie czystości";"OK"
"FIRMA I BIURO/Utrzymanie czystości/Gąbki, zmywaki, druciaki";"FIRMA I BIURO/Utrzymanie czystości/Gąbki, zmywaki, druciaki";"higiena-i-utrzymanie-czystosci";"Gąbki, zmywaki → Gastronomia > Higiena i utrzymanie czystości";"OK"
"FIRMA I BIURO/Utrzymanie czystości/Kosze na śmieci";"FIRMA I BIURO/Utrzymanie czystości/Kosze na śmieci";"higiena-i-utrzymanie-czystosci";"Kosze na śmieci → Gastronomia > Higiena i utrzymanie czystości";"OK"
"FIRMA I BIURO/Utrzymanie czystości/Miotły, zmiotki i szufelki";"FIRMA I BIURO/Utrzymanie czystości/Miotły, zmiotki i szufelki";"higiena-i-utrzymanie-czystosci";"Miotły, zmiotki → Gastronomia > Higiena i utrzymanie czystości";"OK"
"FIRMA I BIURO/Utrzymanie czystości/Mopy i Wkłady";"FIRMA I BIURO/Utrzymanie czystości/Mopy i Wkłady";"higiena-i-utrzymanie-czystosci";"Mopy → Gastronomia > Higiena i utrzymanie czystości";"OK"
"FIRMA I BIURO/Utrzymanie czystości/Odkurzacze";"FIRMA I BIURO/Utrzymanie czystości/Odkurzacze";"sprzet-agd";"Odkurzacze → Dom > Sprzęt AGD";"OK"
"FIRMA I BIURO/Utrzymanie czystości/Papier toaletowy";"FIRMA I BIURO/Utrzymanie czystości/Papier toaletowy";"higiena-i-utrzymanie-czystosci";"Papier toaletowy → Gastronomia > Higiena i utrzymanie czystości";"OK"
"FIRMA I BIURO/Utrzymanie czystości/Ściągaczki";"FIRMA I BIURO/Utrzymanie czystości/Ściągaczki";"higiena-i-utrzymanie-czystosci";"Ściągaczki → Gastronomia > Higiena i utrzymanie czystości";"OK"
"FIRMA I BIURO/Utrzymanie czystości/Ścierki i ręczniki";"FIRMA I BIURO/Utrzymanie czystości/Ścierki i ręczniki";"higiena-i-utrzymanie-czystosci";"Ścierki i ręczniki → Gastronomia > Higiena i utrzymanie czystości";"OK"
"FIRMA I BIURO/Utrzymanie czystości/Wiadra";"FIRMA I BIURO/Utrzymanie czystości/Wiadra";"higiena-i-utrzymanie-czystosci";"Wiadra → Gastronomia > Higiena i utrzymanie czystości";"OK"
"FIRMA I BIURO/Utrzymanie czystości/Worki na śmieci";"FIRMA I BIURO/Utrzymanie czystości/Worki na śmieci";"higiena-i-utrzymanie-czystosci";"Worki na śmieci → Gastronomia > Higiena i utrzymanie czystości";"OK"
"FIRMA I BIURO/Utrzymanie czystości/Wózki serwisowe";"FIRMA I BIURO/Utrzymanie czystości/Wózki serwisowe";"higiena-i-utrzymanie-czystosci";"Wózki serwisowe → Gastronomia > Higiena i utrzymanie czystości";"OK"
"FIRMA I BIURO/Wyposażenie/Klimatory";"FIRMA I BIURO/Wyposażenie/Klimatory";"energia-i-ogrzewanie";"Klimatory → Dom > Energia i ogrzewanie";"OK"
"FIRMA I BIURO/Wyposażenie/Klimatyzatory";"FIRMA I BIURO/Wyposażenie/Klimatyzatory";"energia-i-ogrzewanie";"Klimatyzatory → Dom > Energia i ogrzewanie";"OK"
"FIRMA I BIURO/Wyposażenie/Pojemniki";"FIRMA I BIURO/Wyposażenie/Pojemniki";"pojemniki-i-zbiorniki-gospodarcze-bl-2966384";"Pojemniki → Ogród i Gospodarstwo > Pojemniki i zbiorniki gospodarcze";"OK"
"FIRMA I BIURO/Wyposażenie/Pompy ciepła";"FIRMA I BIURO/Wyposażenie/Pompy ciepła";"energia-i-ogrzewanie";"Pompy ciepła → Dom > Energia i ogrzewanie";"OK"
"FIRMA I BIURO/Wyposażenie/Regały";"FIRMA I BIURO/Wyposażenie/Regały";"wyposazenie-lokali";"Regały → Gastronomia > Wyposażenie lokali";"OK"
"FIRMA I BIURO/Wyposażenie/Wagi";"FIRMA I BIURO/Wyposażenie/Wagi";"wagi-przemyslowe";"Wagi → Wagi > Wagi przemysłowe";"OK"
"FIRMA I BIURO/Wyposażenie/Wentylatory Domowe";"FIRMA I BIURO/Wyposażenie/Wentylatory Domowe";"energia-i-ogrzewanie";"Wentylatory domowe → Dom > Energia i ogrzewanie";"OK"
"MOTORYZACJA/Chemia/Kleje";"MOTORYZACJA/Chemia/Kleje";"chemia-samochodowa";"Kleje samochodowe → Chemia profesjonalna > Chemia samochodowa";"OK"
"MOTORYZACJA/Narzędzia i sprzęt warsztatowy/Diagnostyka i pomiary/Testery i interfejsy diagnostyczne";"MOTORYZACJA/Narzędzia i sprzęt warsztatowy/Diagnostyka i pomiary";"wyposazenie-warsztatu-bl-2845103";"Testery diagnostyczne → Motoryzacja > Wyposażenie warsztatu";"OK"
"MOTORYZACJA/Narzędzia i sprzęt warsztatowy/Klucze";"MOTORYZACJA/Narzędzia i sprzęt warsztatowy/Klucze";"narzedzia-reczne";"Klucze → Narzędzia > Narzędzia ręczne";"OK"
"MOTORYZACJA/Narzędzia i sprzęt warsztatowy/Kompresory i akcesoria/Węże pneumatyczne";"MOTORYZACJA/Narzędzia i sprzęt warsztatowy/Kompresory i akcesoria";"maszyny-i-urzadzenia";"Kompresory i węże pneumatyczne → Narzędzia > Maszyny i urządzenia";"OK"
"MOTORYZACJA/Narzędzia i sprzęt warsztatowy/Leżanki";"MOTORYZACJA/Narzędzia i sprzęt warsztatowy/Leżanki";"wyposazenie-warsztatu-bl-2845103";"Leżanki warsztatowe → Motoryzacja > Wyposażenie warsztatu";"OK"
"MOTORYZACJA/Narzędzia i sprzęt warsztatowy/Obsługa układu hamulcowego/Wymiana i odpowietrzanie płynu";"MOTORYZACJA/Narzędzia i sprzęt warsztatowy/Obsługa układu hamulcowego";"wyposazenie-warsztatu-bl-2845103";"Obsługa hamulców → Motoryzacja > Wyposażenie warsztatu";"OK"
"MOTORYZACJA/Narzędzia i sprzęt warsztatowy/Organizacja i przechowywanie narzędzi/Opaski magnetyczne";"MOTORYZACJA/Narzędzia i sprzęt warsztatowy/Organizacja i przechowywanie narzędzi";"narzedzia-reczne";"Opaski magnetyczne → Narzędzia > Narzędzia ręczne";"OK"
"MOTORYZACJA/Narzędzia i sprzęt warsztatowy/Oświetlenie/Latarki";"MOTORYZACJA/Narzędzia i sprzęt warsztatowy/Oświetlenie/Latarki";"oswietlenie-domowe";"Latarki → Dom > Oświetlenie (domowe)";"OK"
"MOTORYZACJA/Narzędzia i sprzęt warsztatowy/Tablice narzędziowe";"MOTORYZACJA/Narzędzia i sprzęt warsztatowy/Tablice narzędziowe";"narzedzia-reczne";"Tablice narzędziowe → Narzędzia > Narzędzia ręczne";"OK"
"MOTORYZACJA/Narzędzia i sprzęt warsztatowy/Zestawy Naprawcze";"MOTORYZACJA/Narzędzia i sprzęt warsztatowy/Zestawy Naprawcze";"narzedzia-reczne";"Zestawy naprawcze → Narzędzia > Narzędzia ręczne";"OK"
"MOTORYZACJA/Opony i felgi/Osprzęt i akcesoria/Łańcuchy śniegowe";"MOTORYZACJA/Opony i felgi/Osprzęt i akcesoria";"akcesoria-i-czesci";"Łańcuchy śniegowe, nakrętki → Motoryzacja > Akcesoria i części";"OK"
"MOTORYZACJA/Opony i felgi/Osprzęt i akcesoria/Nakrętki";"MOTORYZACJA/Opony i felgi/Osprzęt i akcesoria";"akcesoria-i-czesci";"Łańcuchy śniegowe, nakrętki → Motoryzacja > Akcesoria i części";"OK"
"MOTORYZACJA/Wyposażenie/Do przyczep i naczep";"MOTORYZACJA/Wyposażenie/Do przyczep i naczep";"akcesoria-i-czesci";"Do przyczep i naczep → Motoryzacja > Akcesoria i części";"OK"
"MOTORYZACJA/Wyposażenie/Elektronika samochodowa/Lodówki turystyczne";"MOTORYZACJA/Wyposażenie/Elektronika samochodowa/Lodówki turystyczne";"kemping-i-przetrwanie";"Lodówki turystyczne → Sport i turystyka > Kemping i przetrwanie";"OK"
"MOTORYZACJA/Wyposażenie/Lusterka";"MOTORYZACJA/Wyposażenie/Lusterka";"akcesoria-i-czesci";"Lusterka samochodowe → Motoryzacja > Akcesoria i części";"OK"
"MOTORYZACJA/Wyposażenie/Maty i Pokrowce";"MOTORYZACJA/Wyposażenie/Maty i Pokrowce";"akcesoria-i-czesci";"Maty i pokrowce samochodowe → Motoryzacja > Akcesoria i części";"OK"
"MOTORYZACJA/Wyposażenie/Ochraniacze";"MOTORYZACJA/Wyposażenie/Ochraniacze";"akcesoria-i-czesci";"Ochraniacze → Motoryzacja > Akcesoria i części";"OK"
"MOTORYZACJA/Wyposażenie/Odkurzacze samochodowe";"MOTORYZACJA/Wyposażenie/Odkurzacze samochodowe";"akcesoria-i-czesci";"Odkurzacze samochodowe → Motoryzacja > Akcesoria i części";"OK"
"MOTORYZACJA/Wyposażenie/Organizery i siatki do bagażnika";"MOTORYZACJA/Wyposażenie/Organizery i siatki do bagażnika";"akcesoria-i-czesci";"Organizery bagażnika → Motoryzacja > Akcesoria i części";"OK"
"MOTORYZACJA/Wyposażenie/Osłony na szyby";"MOTORYZACJA/Wyposażenie/Osłony na szyby";"akcesoria-i-czesci";"Osłony na szyby → Motoryzacja > Akcesoria i części";"OK"
"MOTORYZACJA/Wyposażenie/Pasy transportowe";"MOTORYZACJA/Wyposażenie/Pasy transportowe";"akcesoria-i-czesci";"Pasy transportowe → Motoryzacja > Akcesoria i części";"OK"
"MOTORYZACJA/Wyposażenie/Popielniczki";"MOTORYZACJA/Wyposażenie/Popielniczki";"akcesoria-i-czesci";"Popielniczki samochodowe → Motoryzacja > Akcesoria i części";"OK"
"MOTORYZACJA/Wyposażenie/Tachografy";"MOTORYZACJA/Wyposażenie/Tachografy";"akcesoria-i-czesci";"Tachografy → Motoryzacja > Akcesoria i części";"OK"
"MOTORYZACJA/Wyposażenie/Uchwyty, wieszaki";"MOTORYZACJA/Wyposażenie/Uchwyty, wieszaki";"uchwyty-samochodowe";"Uchwyty i wieszaki samochodowe → Motoryzacja > Uchwyty samochodowe";"OK"
"NARZĘDZIA/Imbusy";"NARZĘDZIA/Imbusy";"narzedzia-reczne";"Imbusy → Narzędzia > Narzędzia ręczne";"OK"
"NARZĘDZIA/Kompresory i akcesoria/Pistolety pneumatyczne";"NARZĘDZIA/Kompresory i akcesoria";"maszyny-i-urzadzenia";"Kompresory, pistolety pneumatyczne → Narzędzia > Maszyny i urządzenia";"OK"
"NARZĘDZIA/Młotki, przecinaki i dłuta";"NARZĘDZIA/Młotki, przecinaki i dłuta";"narzedzia-reczne";"Młotki, przecinaki, dłuta → Narzędzia > Narzędzia ręczne";"OK"
"NARZĘDZIA/Noże";"NARZĘDZIA/Noże";"narzedzia-reczne";"Noże → Narzędzia > Narzędzia ręczne";"OK"
"NARZĘDZIA/Opalarki";"NARZĘDZIA/Opalarki";"elektronarzedzia";"Opalarki → Narzędzia > Elektronarzędzia";"OK"
"NARZĘDZIA/Opaski zaciskowe";"NARZĘDZIA/Opaski zaciskowe";"akcesoria-1";"Opaski zaciskowe → Narzędzia > Akcesoria";"OK"
"NARZĘDZIA/Palniki gazowe";"NARZĘDZIA/Palniki gazowe";"narzedzia-reczne";"Palniki gazowe → Narzędzia > Narzędzia ręczne";"OK"
"NARZĘDZIA/Piły i pilarki/Szyny prowadzące";"NARZĘDZIA/Piły i pilarki";"elektronarzedzia";"Piły i pilarki → Narzędzia > Elektronarzędzia";"OK"
"NARZĘDZIA/Pistolety do kleju";"NARZĘDZIA/Pistolety do kleju";"narzedzia-reczne";"Pistolety do kleju → Narzędzia > Narzędzia ręczne";"OK"
"NARZĘDZIA/Przyrządy miernicze/Miary i taśmy";"NARZĘDZIA/Przyrządy miernicze";"narzedzia-reczne";"Miary, taśmy, suwmiarki → Narzędzia > Narzędzia ręczne";"OK"
"NARZĘDZIA/Przyrządy miernicze/Suwmiarki";"NARZĘDZIA/Przyrządy miernicze";"narzedzia-reczne";"Miary, taśmy, suwmiarki → Narzędzia > Narzędzia ręczne";"OK"
"NARZĘDZIA/Wózki narzędziowe";"NARZĘDZIA/Wózki narzędziowe";"narzedzia-reczne";"Wózki narzędziowe → Narzędzia > Narzędzia ręczne";"OK"
"NARZĘDZIA/Wózki transportowe";"NARZĘDZIA/Wózki transportowe";"maszyny-i-urzadzenia";"Wózki transportowe → Narzędzia > Maszyny i urządzenia";"OK"
"NARZĘDZIA/Zestawy narzędzi";"NARZĘDZIA/Zestawy narzędzi";"narzedzia-reczne";"Zestawy narzędzi → Narzędzia > Narzędzia ręczne";"OK"
"SPORT I TURYSTYKA/Rowery i akcesoria/Oświetlenie rowerowe";"SPORT I TURYSTYKA/Rowery i akcesoria";"rowery-i-akcesoria";"Oświetlenie, przyczepki, trenażery → Sport i turystyka > Rowery i akcesoria";"OK"
"SPORT I TURYSTYKA/Rowery i akcesoria/Przyczepki rowerowe";"SPORT I TURYSTYKA/Rowery i akcesoria";"rowery-i-akcesoria";"Oświetlenie, przyczepki, trenażery → Sport i turystyka > Rowery i akcesoria";"OK"
"SPORT I TURYSTYKA/Rowery i akcesoria/Trenażery";"SPORT I TURYSTYKA/Rowery i akcesoria";"rowery-i-akcesoria";"Oświetlenie, przyczepki, trenażery → Sport i turystyka > Rowery i akcesoria";"OK"
"SPORT I TURYSTYKA/Siłownia i fitness/Rowery treningowe";"SPORT I TURYSTYKA/Siłownia i fitness";"fitness-i-trening";"Rowery treningowe → Sport i turystyka > Fitness i trening";"OK"
"SPORT I TURYSTYKA/Sporty wodne/SUP";"SPORT I TURYSTYKA/Sporty wodne";"sprzet-turystyczny";"SUP → Sport i turystyka > Sprzęt turystyczny";"OK"
"SPORT I TURYSTYKA/Turystyka/Akcesoria/Pompki";"SPORT I TURYSTYKA/Turystyka";"kemping-i-przetrwanie";"Akcesoria turystyczne, naczynia, prysznice → Sport i turystyka > Kemping i przetrwanie";"OK"
"SPORT I TURYSTYKA/Turystyka/Naczynia";"SPORT I TURYSTYKA/Turystyka";"kemping-i-przetrwanie";"Akcesoria turystyczne, naczynia, prysznice → Sport i turystyka > Kemping i przetrwanie";"OK"
"SPORT I TURYSTYKA/Turystyka/Prysznice turystyczne";"SPORT I TURYSTYKA/Turystyka";"kemping-i-przetrwanie";"Akcesoria turystyczne, naczynia, prysznice → Sport i turystyka > Kemping i przetrwanie";"OK"
"ZABAWKI/Gry/Karciane/Dla Dorosłych";"ZABAWKI/Gry/Karciane";"gry-edukacyjne-i-planszowe";"Gry karciane → Dla dziecka > Gry edukacyjne i planszowe";"OK"
"ZABAWKI/Gry/Kości";"ZABAWKI/Gry/Kości";"gry-edukacyjne-i-planszowe";"Gry w kości → Dla dziecka > Gry edukacyjne i planszowe";"OK"
"ZABAWKI/Gry/Planszowe/Dla Dorosłych";"ZABAWKI/Gry/Planszowe";"gry-edukacyjne-i-planszowe";"Gry planszowe → Dla dziecka > Gry edukacyjne i planszowe";"OK"
"ZABAWKI/Klocki/Drewniane";"ZABAWKI/Klocki";"zabawki";"Klocki (drewniane, LEGO, Playmobil) → Dla dziecka > Zabawki";"OK"
"ZABAWKI/Klocki/LEGO";"ZABAWKI/Klocki";"zabawki";"Klocki (drewniane, LEGO, Playmobil) → Dla dziecka > Zabawki";"OK"
"ZABAWKI/Klocki/LEGO/Animal Crossing";"ZABAWKI/Klocki";"zabawki";"Klocki (drewniane, LEGO, Playmobil) → Dla dziecka > Zabawki";"OK"
"ZABAWKI/Klocki/LEGO/Architecture";"ZABAWKI/Klocki";"zabawki";"Klocki (drewniane, LEGO, Playmobil) → Dla dziecka > Zabawki";"OK"
"ZABAWKI/Klocki/LEGO/Art";"ZABAWKI/Klocki";"zabawki";"Klocki (drewniane, LEGO, Playmobil) → Dla dziecka > Zabawki";"OK"
"ZABAWKI/Klocki/LEGO/Avatar";"ZABAWKI/Klocki";"zabawki";"Klocki (drewniane, LEGO, Playmobil) → Dla dziecka > Zabawki";"OK"
"ZABAWKI/Klocki/LEGO/City";"ZABAWKI/Klocki";"zabawki";"Klocki (drewniane, LEGO, Playmobil) → Dla dziecka > Zabawki";"OK"
"ZABAWKI/Klocki/LEGO/Classic";"ZABAWKI/Klocki";"zabawki";"Klocki (drewniane, LEGO, Playmobil) → Dla dziecka > Zabawki";"OK"
"ZABAWKI/Klocki/LEGO/Creator Expert";"ZABAWKI/Klocki";"zabawki";"Klocki (drewniane, LEGO, Playmobil) → Dla dziecka > Zabawki";"OK"
"ZABAWKI/Klocki/LEGO/Disney";"ZABAWKI/Klocki";"zabawki";"Klocki (drewniane, LEGO, Playmobil) → Dla dziecka > Zabawki";"OK"
"ZABAWKI/Klocki/LEGO/DREAMZzz";"ZABAWKI/Klocki";"zabawki";"Klocki (drewniane, LEGO, Playmobil) → Dla dziecka > Zabawki";"OK"
"ZABAWKI/Klocki/LEGO/DUPLO";"ZABAWKI/Klocki";"zabawki";"Klocki (drewniane, LEGO, Playmobil) → Dla dziecka > Zabawki";"OK"
"ZABAWKI/Klocki/LEGO/Fortnite";"ZABAWKI/Klocki";"zabawki";"Klocki (drewniane, LEGO, Playmobil) → Dla dziecka > Zabawki";"OK"
"ZABAWKI/Klocki/LEGO/Friends";"ZABAWKI/Klocki";"zabawki";"Klocki (drewniane, LEGO, Playmobil) → Dla dziecka > Zabawki";"OK"
"ZABAWKI/Klocki/LEGO/Harry Potter";"ZABAWKI/Klocki";"zabawki";"Klocki (drewniane, LEGO, Playmobil) → Dla dziecka > Zabawki";"OK"
"ZABAWKI/Klocki/LEGO/Icons";"ZABAWKI/Klocki";"zabawki";"Klocki (drewniane, LEGO, Playmobil) → Dla dziecka > Zabawki";"OK"
"ZABAWKI/Klocki/LEGO/Ideas";"ZABAWKI/Klocki";"zabawki";"Klocki (drewniane, LEGO, Playmobil) → Dla dziecka > Zabawki";"OK"
"ZABAWKI/Klocki/LEGO/Jurassic World";"ZABAWKI/Klocki";"zabawki";"Klocki (drewniane, LEGO, Playmobil) → Dla dziecka > Zabawki";"OK"
"ZABAWKI/Klocki/LEGO/Kalendarze adwentowe";"ZABAWKI/Klocki";"zabawki";"Klocki (drewniane, LEGO, Playmobil) → Dla dziecka > Zabawki";"OK"
"ZABAWKI/Klocki/LEGO/Koci domek Gabi";"ZABAWKI/Klocki";"zabawki";"Klocki (drewniane, LEGO, Playmobil) → Dla dziecka > Zabawki";"OK"
"ZABAWKI/Klocki/LEGO/Minecraft";"ZABAWKI/Klocki";"zabawki";"Klocki (drewniane, LEGO, Playmobil) → Dla dziecka > Zabawki";"OK"
"ZABAWKI/Klocki/LEGO/Minifigurki";"ZABAWKI/Klocki";"zabawki";"Klocki (drewniane, LEGO, Playmobil) → Dla dziecka > Zabawki";"OK"
"ZABAWKI/Klocki/LEGO/Minionki";"ZABAWKI/Klocki";"zabawki";"Klocki (drewniane, LEGO, Playmobil) → Dla dziecka > Zabawki";"OK"
"ZABAWKI/Klocki/LEGO/Ninjago";"ZABAWKI/Klocki";"zabawki";"Klocki (drewniane, LEGO, Playmobil) → Dla dziecka > Zabawki";"OK"
"ZABAWKI/Klocki/LEGO/Pojemniki";"ZABAWKI/Klocki";"zabawki";"Klocki (drewniane, LEGO, Playmobil) → Dla dziecka > Zabawki";"OK"
"ZABAWKI/Klocki/LEGO/Pozostałe serie";"ZABAWKI/Klocki";"zabawki";"Klocki (drewniane, LEGO, Playmobil) → Dla dziecka > Zabawki";"OK"
"ZABAWKI/Klocki/LEGO/Sonic the Hedgehog";"ZABAWKI/Klocki";"zabawki";"Klocki (drewniane, LEGO, Playmobil) → Dla dziecka > Zabawki";"OK"
"ZABAWKI/Klocki/LEGO/Speed Champions";"ZABAWKI/Klocki";"zabawki";"Klocki (drewniane, LEGO, Playmobil) → Dla dziecka > Zabawki";"OK"
"ZABAWKI/Klocki/LEGO/Star Wars";"ZABAWKI/Klocki";"zabawki";"Klocki (drewniane, LEGO, Playmobil) → Dla dziecka > Zabawki";"OK"
"ZABAWKI/Klocki/LEGO/Super Heroes";"ZABAWKI/Klocki";"zabawki";"Klocki (drewniane, LEGO, Playmobil) → Dla dziecka > Zabawki";"OK"
"ZABAWKI/Klocki/LEGO/Super Mario";"ZABAWKI/Klocki";"zabawki";"Klocki (drewniane, LEGO, Playmobil) → Dla dziecka > Zabawki";"OK"
"ZABAWKI/Klocki/LEGO/Technic";"ZABAWKI/Klocki";"zabawki";"Klocki (drewniane, LEGO, Playmobil) → Dla dziecka > Zabawki";"OK"
"ZABAWKI/Klocki/LEGO/The Botanical Collection";"ZABAWKI/Klocki";"zabawki";"Klocki (drewniane, LEGO, Playmobil) → Dla dziecka > Zabawki";"OK"
"ZABAWKI/Klocki/LEGO/Wednesday";"ZABAWKI/Klocki";"zabawki";"Klocki (drewniane, LEGO, Playmobil) → Dla dziecka > Zabawki";"OK"
"ZABAWKI/Klocki/Playmobil";"ZABAWKI/Klocki";"zabawki";"Klocki (drewniane, LEGO, Playmobil) → Dla dziecka > Zabawki";"OK"
"ZABAWKI/Plastyczne/Piasek kinetyczny";"ZABAWKI/Plastyczne";"artykuly-plastyczne-i-kreatywne";"Piasek kinetyczny → Dla dziecka > Artykuły plastyczne i kreatywne";"OK"
"ZABAWKI/Rowery i pojazdy/Sanki";"ZABAWKI/Rowery i pojazdy/Sanki";"pojazdy-i-jezdziki";"Sanki → Dla dziecka > Pojazdy i jeździki";"OK"
"ZABAWKI/Zabawki ogrodowe";"ZABAWKI/Zabawki ogrodowe";"zabawki-ogrodowe";"Zabawki ogrodowe → Dla dziecka > Zabawki ogrodowe";"OK"
"ZDROWIE/Artykuły higieniczne/Płatki i waciki higieniczne";"ZDROWIE/Artykuły higieniczne";"higiena-i-utrzymanie-czystosci";"Płatki i waciki higieniczne → Gastronomia > Higiena i utrzymanie czystości";"OK"
"ZDROWIE/Erotyka/BDSM/Kajdanki";"ZDROWIE/Erotyka";"gadzety";"Erotyka (BDSM, wibratory, gry) → Dom > Gadżety";"OK"
"ZDROWIE/Erotyka/BDSM/Zestawy BDSM";"ZDROWIE/Erotyka";"gadzety";"Erotyka (BDSM, wibratory, gry) → Dom > Gadżety";"OK"
"ZDROWIE/Erotyka/Gry erotyczne";"ZDROWIE/Erotyka";"gadzety";"Erotyka (BDSM, wibratory, gry) → Dom > Gadżety";"OK"
"ZDROWIE/Erotyka/Wibratory";"ZDROWIE/Erotyka";"gadzety";"Erotyka (BDSM, wibratory, gry) → Dom > Gadżety";"OK"
"ZDROWIE/Maseczki ochronne wielorazowe";"ZDROWIE/Maseczki ochronne wielorazowe";"oczyszczacze-powietrza-i-dezynfekcja";"Maseczki ochronne → Zdrowie i Uroda > Oczyszczacze powietrza i dezynfekcja";"OK"
"ZDROWIE/Profesjonalne wyposażenie salonów/Meble kosmetyczne";"ZDROWIE/Profesjonalne wyposażenie salonów/Meble kosmetyczne";"meble";"Meble kosmetyczne → Wyposażenie gabinetów i salonów > Meble";"OK"
"ZDROWIE/Specjalistyczny sprzęt medyczny/Przyrządy do usuwania kleszczy i jadu";"ZDROWIE/Specjalistyczny sprzęt medyczny/Przyrządy do usuwania kleszczy i jadu";"masaz-i-rehabilitacja";"Przyrządy medyczne → Zdrowie i Uroda > Masaż i rehabilitacja";"OK"
"ZDROWIE/Specjalistyczny sprzęt medyczny/Sterylizacja i dezynfekcja";"ZDROWIE/Specjalistyczny sprzęt medyczny/Sterylizacja i dezynfekcja";"oczyszczacze-powietrza-i-dezynfekcja";"Sterylizacja i dezynfekcja → Zdrowie i Uroda > Oczyszczacze powietrza i dezynfekcja";"OK"
"ZDROWIE/Uroda/Perfumy i wody/Zapachy dla mężczyzn/Dezodoranty";"ZDROWIE/Uroda/Perfumy i wody";"grooming";"Perfumy, dezodoranty → Zdrowie i Uroda > Grooming";"OK"
"ZDROWIE/Uroda/Pielęgnacja/Ciało/Kąpiel i prysznic/Żele";"ZDROWIE/Uroda/Pielęgnacja";"grooming";"Pielęgnacja ciała, golenie, depilacja → Zdrowie i Uroda > Grooming";"OK"
"ZDROWIE/Uroda/Pielęgnacja/Golenie i depilacja";"ZDROWIE/Uroda/Pielęgnacja";"grooming";"Pielęgnacja ciała, golenie, depilacja → Zdrowie i Uroda > Grooming";"OK"
"ZDROWIE/Urządzenia medyczne/Pulsoksymetry";"ZDROWIE/Urządzenia medyczne";"masaz-i-rehabilitacja";"Pulsoksymetry, termometry → Zdrowie i Uroda > Masaż i rehabilitacja";"OK"
"ZDROWIE/Urządzenia medyczne/Termometry";"ZDROWIE/Urządzenia medyczne";"masaz-i-rehabilitacja";"Pulsoksymetry, termometry → Zdrowie i Uroda > Masaż i rehabilitacja";"OK"
"ZDROWIE/Wyposażenie szpitali i gabinetów/Stoły, łóżka do masażu";"ZDROWIE/Wyposażenie szpitali i gabinetów";"wyposazenie-gabinetow-i-salonow-1";"Stoły i łóżka do masażu → Zdrowie i Uroda > Wyposażenie gabinetów i salonów";"OK"